registro_id;unidade_id;cidade_unidade;produto_id_legado;insumo_id_novo;nome_produto;categoria_id;fornecedor_id;usuario_id;quantidade;preco_insumo;operacao;unidade_medida;created_at;updated_at
13244;7;Escritório;97;74;"Açúcar Branco 2kg";3;6;73;4.000;5.00;Entrada;unidade;"2026-04-09 18:33:00";"2026-04-09 18:33:00"
12930;8;Ji-Paraná;97;74;"Açúcar Branco 2kg";3;6;71;16.000;4.68;Entrada;unidade;"2026-03-30 16:10:57";"2026-03-30 16:10:57"
13158;8;Ji-Paraná;97;74;"Açúcar Branco 2kg";3;6;8;10.000;4.68;Entrada;unidade;"2026-04-06 21:17:11";"2026-04-06 21:17:11"
12864;8;Ji-Paraná;98;96;"Água C/ Gás";15;6;71;18.000;2.60;Entrada;unidade;"2026-03-27 15:20:11";"2026-03-27 15:20:11"
12931;8;Ji-Paraná;98;96;"Água C/ Gás";15;6;71;12.000;2.60;Entrada;unidade;"2026-03-30 16:10:57";"2026-03-30 16:10:57"
11659;8;Ji-Paraná;99;97;"Água S/ Gás";15;6;71;12.000;1.99;Entrada;unidade;"2026-02-24 12:28:39";"2026-02-24 12:28:39"
11623;8;Ji-Paraná;19;132;"Alga Kombu";16;4;8;2.000;31.50;Entrada;unidade;"2026-02-22 16:32:48";"2026-02-22 16:32:48"
12441;8;Ji-Paraná;19;132;"Alga Kombu";16;4;8;1.000;31.50;Entrada;unidade;"2026-03-16 16:28:47";"2026-03-16 16:28:47"
12919;8;Ji-Paraná;18;83;"Alga Nori Gold Maki 140g";16;4;8;1.000;49.90;Entrada;unidade;"2026-03-29 16:20:04";"2026-03-29 16:20:04"
13098;8;Ji-Paraná;18;83;"Alga Nori Gold Maki 140g";16;4;8;10.000;52.90;Entrada;unidade;"2026-04-05 18:13:33";"2026-04-05 18:13:33"
11662;8;Ji-Paraná;68;123;Alho;4;6;71;0.558;16.80;Entrada;kg;"2026-02-24 12:28:39";"2026-02-24 12:28:39"
13144;8;Ji-Paraná;42;124;"Alho Poró";4;6;8;0.001;28.80;Entrada;kg;"2026-04-06 21:07:37";"2026-04-06 21:07:37"
12910;8;Ji-Paraná;23;136;"Amêndoa Laminada Osara 1kg";16;4;8;2.000;94.50;Entrada;unidade;"2026-03-29 16:20:04";"2026-03-29 16:20:04"
13099;8;Ji-Paraná;23;136;"Amêndoa Laminada Osara 1kg";16;4;8;4.000;94.50;Entrada;unidade;"2026-04-05 18:13:33";"2026-04-05 18:13:33"
11625;8;Ji-Paraná;165;105;"Amido de milho 5kg";3;4;8;1.000;42.90;Entrada;unidade;"2026-02-22 16:32:48";"2026-02-22 16:32:48"
12430;8;Ji-Paraná;165;105;"Amido de milho 5kg";3;4;8;1.000;42.90;Entrada;unidade;"2026-03-16 16:28:47";"2026-03-16 16:28:47"
13033;8;Ji-Paraná;12;84;"Arroz Minami Mai Curto 5kg";16;6;8;7.000;77.50;Entrada;unidade;"2026-03-31 19:57:27";"2026-03-31 19:57:27"
13034;8;Ji-Paraná;12;84;"Arroz Minami Mai Curto 5kg";16;6;8;20.000;77.50;Entrada;unidade;"2026-03-31 20:12:19";"2026-03-31 20:12:19"
12695;8;Ji-Paraná;61;173;"Batata Doce";4;6;71;1.000;7.98;Entrada;kg;"2026-03-23 10:26:25";"2026-03-23 10:26:25"
13235;8;Ji-Paraná;95;183;"Biscoito da Sorte";11;9;8;2000.000;0.33;Entrada;unidade;"2026-04-09 12:03:31";"2026-04-09 12:03:31"
13236;8;Ji-Paraná;95;183;"Biscoito da Sorte";11;9;8;2000.000;0.34;Entrada;unidade;"2026-04-09 12:03:31";"2026-04-09 12:03:31"
13145;8;Ji-Paraná;72;125;Brócolis;4;6;8;1.130;23.95;Entrada;kg;"2026-04-06 21:07:37";"2026-04-06 21:07:37"
11663;8;Ji-Paraná;142;142;"Caldo Knorr (1 Unidade)";14;6;71;10.000;7.80;Entrada;unidade;"2026-02-24 12:28:39";"2026-02-24 12:28:39"
12429;8;Ji-Paraná;50;181;"Camarão Cinza 1kg";10;12;8;31.000;68.00;Entrada;kg;"2026-03-16 16:22:10";"2026-03-16 16:22:10"
12667;8;Ji-Paraná;66;154;Cebola;4;6;24;0.816;5.99;Entrada;kg;"2026-03-21 16:00:45";"2026-03-21 16:00:45"
13146;8;Ji-Paraná;66;154;Cebola;4;6;8;1.348;3.89;Entrada;kg;"2026-04-06 21:07:37";"2026-04-06 21:07:37"
13042;8;Ji-Paraná;65;126;"Cebola Roxa";4;6;8;0.206;9.98;Entrada;kg;"2026-03-31 21:46:31";"2026-03-31 21:46:31"
13147;8;Ji-Paraná;65;126;"Cebola Roxa";4;6;8;1.170;9.25;Entrada;kg;"2026-04-06 21:07:37";"2026-04-06 21:07:37"
13159;8;Ji-Paraná;65;126;"Cebola Roxa";4;6;8;1.080;8.56;Entrada;kg;"2026-04-06 21:17:11";"2026-04-06 21:17:11"
13193;8;Ji-Paraná;44;127;Cebolinha;4;6;8;6.000;3.75;Entrada;unidade;"2026-04-08 10:46:37";"2026-04-08 10:46:37"
13001;8;Ji-Paraná;71;128;Cenoura;4;6;8;14.178;5.84;Entrada;kg;"2026-03-31 16:16:41";"2026-03-31 16:16:41"
13089;8;Ji-Paraná;71;128;Cenoura;4;6;8;19.916;6.04;Entrada;kg;"2026-04-03 17:17:20";"2026-04-03 17:17:20"
994;8;Ji-Paraná;100;100;"Cheiro Verde";4;6;24;0.000;3.95;Entrada;unidade;"2025-03-17 12:14:30";"2025-03-18 12:30:53"
1015;8;Ji-Paraná;100;100;"Cheiro Verde";4;6;24;0.000;4.49;Entrada;unidade;"2025-03-17 12:22:01";"2025-03-18 12:28:51"
13160;8;Ji-Paraná;74;129;Chuchu;4;6;8;2.034;5.98;Entrada;kg;"2026-04-06 21:17:11";"2026-04-06 21:17:11"
12426;8;Ji-Paraná;85;99;"Coca Cola 1L";15;6;8;23.000;6.97;Entrada;unidade;"2026-03-16 16:08:00";"2026-03-16 16:08:00"
13085;8;Ji-Paraná;85;99;"Coca Cola 1L";15;6;8;36.000;6.97;Entrada;unidade;"2026-04-03 17:04:34";"2026-04-03 17:04:34"
12598;8;Ji-Paraná;101;95;"Coca Cola Lata";15;6;8;55.000;3.50;Entrada;unidade;"2026-03-19 19:48:39";"2026-03-19 19:48:39"
12600;8;Ji-Paraná;101;95;"Coca Cola Lata";15;6;8;12.000;3.50;Entrada;unidade;"2026-03-20 15:38:07";"2026-03-20 15:38:07"
13086;8;Ji-Paraná;101;95;"Coca Cola Lata";15;6;8;72.000;3.50;Entrada;unidade;"2026-04-03 17:04:34";"2026-04-03 17:04:34"
12599;8;Ji-Paraná;87;80;"Coca Cola Zero Lata";15;6;8;42.000;3.50;Entrada;unidade;"2026-03-20 15:38:07";"2026-03-20 15:38:07"
12663;8;Ji-Paraná;87;80;"Coca Cola Zero Lata";15;6;24;36.000;3.79;Entrada;unidade;"2026-03-21 15:54:35";"2026-03-21 15:54:35"
13084;8;Ji-Paraná;87;80;"Coca Cola Zero Lata";15;6;8;180.000;3.50;Entrada;unidade;"2026-04-03 17:04:34";"2026-04-03 17:04:34"
13195;8;Ji-Paraná;64;130;Coentro;4;6;8;2.000;3.75;Entrada;unidade;"2026-04-08 10:46:37";"2026-04-08 10:46:37"
10578;8;Ji-Paraná;125;125;"Copo Descartável (100 unid.)";5;6;24;2.000;7.20;Entrada;unidade;"2026-01-17 16:46:47";"2026-01-17 16:46:47"
13090;8;Ji-Paraná;73;155;"Couve Flor";4;6;8;0.900;20.73;Entrada;kg;"2026-04-03 17:17:20";"2026-04-03 17:17:20"
13151;8;Ji-Paraná;73;155;"Couve Flor";4;6;8;0.900;56.36;Entrada;kg;"2026-04-06 21:07:37";"2026-04-06 21:07:37"
13035;8;Ji-Paraná;43;156;"Couve Maço";4;6;8;1.000;3.75;Entrada;unidade;"2026-03-31 21:36:58";"2026-03-31 21:36:58"
13150;8;Ji-Paraná;43;156;"Couve Maço";4;6;8;6.000;4.55;Entrada;unidade;"2026-04-06 21:07:37";"2026-04-06 21:07:37"
13194;8;Ji-Paraná;43;156;"Couve Maço";4;6;8;30.000;3.75;Entrada;unidade;"2026-04-08 10:46:37";"2026-04-08 10:46:37"
12911;8;Ji-Paraná;22;75;"Cream Cheese Polenghi 1.5kg";16;4;8;6.000;64.99;Entrada;unidade;"2026-03-29 16:20:04";"2026-03-29 16:20:04"
13110;8;Ji-Paraná;22;75;"Cream Cheese Polenghi 1.5kg";16;4;8;25.000;64.99;Entrada;unidade;"2026-04-05 18:14:22";"2026-04-05 18:14:22"
12587;8;Ji-Paraná;55;140;"Cream Cheese Polenghi 1kg";16;4;8;8.000;44.90;Entrada;unidade;"2026-03-19 19:25:19";"2026-03-19 19:25:19"
12922;8;Ji-Paraná;55;140;"Cream Cheese Polenghi 1kg";16;3;8;18.000;44.90;Entrada;unidade;"2026-03-29 16:23:58";"2026-03-29 16:23:58"
13111;8;Ji-Paraná;55;140;"Cream Cheese Polenghi 1kg";16;1;8;18.000;45.90;Entrada;unidade;"2026-04-05 18:17:30";"2026-04-05 18:17:30"
13232;8;Ji-Paraná;55;140;"Cream Cheese Polenghi 1kg";16;3;8;18.000;44.90;Entrada;unidade;"2026-04-09 11:57:12";"2026-04-09 11:57:12"
10701;8;Ji-Paraná;110;217;"Embalagem G (500 unid.)";17;8;8;1762.000;1.39;Entrada;unidade;"2026-01-22 16:54:40";"2026-01-22 16:54:40"
11231;8;Ji-Paraná;120;185;"Embalagem G640";11;6;8;100.000;0.32;Entrada;unidade;"2026-02-08 17:03:12";"2026-02-08 17:03:12"
13038;8;Ji-Paraná;120;185;"Embalagem G640";11;6;8;300.000;0.34;Entrada;unidade;"2026-03-31 21:40:43";"2026-03-31 21:40:43"
13039;8;Ji-Paraná;120;185;"Embalagem G640";11;6;8;300.000;0.35;Entrada;unidade;"2026-03-31 21:40:43";"2026-03-31 21:40:43"
11233;8;Ji-Paraná;130;192;"Embalagem G640D";11;6;8;20.000;0.42;Entrada;unidade;"2026-02-08 17:03:12";"2026-02-08 17:03:12"
13040;8;Ji-Paraná;130;192;"Embalagem G640D";11;6;8;300.000;0.45;Entrada;unidade;"2026-03-31 21:40:43";"2026-03-31 21:40:43"
13041;8;Ji-Paraná;130;192;"Embalagem G640D";11;6;8;300.000;0.45;Entrada;unidade;"2026-03-31 21:40:43";"2026-03-31 21:40:43"
5208;8;Ji-Paraná;118;186;"Embalagem G681 (Bolinho)";11;6;8;150.000;1.09;Entrada;unidade;"2025-08-06 13:02:55";"2025-08-06 13:02:55"
7115;8;Ji-Paraná;89;223;"Embalagem Gaveta (200 unid.)";17;8;8;1180.000;2.61;Entrada;unidade;"2025-10-09 12:10:37";"2025-10-09 12:10:37"
2384;8;Ji-Paraná;109;220;"Embalagem M  (500 unid.)";17;8;8;372.000;1.31;Entrada;unidade;"2025-05-04 12:59:24";"2025-08-31 12:49:56"
10700;8;Ji-Paraná;109;220;"Embalagem M  (500 unid.)";17;8;8;1800.000;1.31;Entrada;unidade;"2026-01-22 16:54:40";"2026-01-22 16:54:40"
11976;8;Ji-Paraná;114;224;"Embalagem P (700 unid.)";17;13;8;1892.000;0.71;Entrada;unidade;"2026-02-28 17:40:17";"2026-02-28 17:40:17"
10511;8;Ji-Paraná;133;194;"Embalagem para Molho";11;6;8;500.000;0.16;Entrada;unidade;"2026-01-16 17:13:34";"2026-01-16 17:14:13"
5037;8;Ji-Paraná;108;197;"Embalagem Poke G 750 mls (caixa com 200 unidades, base e tampa)";11;10;8;400.000;1.42;Entrada;unidade;"2025-07-31 16:09:17";"2025-07-31 16:09:17"
5476;8;Ji-Paraná;108;197;"Embalagem Poke G 750 mls (caixa com 200 unidades, base e tampa)";11;10;8;2200.000;1.42;Entrada;unidade;"2025-08-16 12:00:57";"2026-02-28 22:07:27"
13032;8;Ji-Paraná;108;197;"Embalagem Poke G 750 mls (caixa com 200 unidades, base e tampa)";11;10;8;1600.000;1.91;Entrada;unidade;"2026-03-31 19:41:20";"2026-03-31 19:41:20"
13124;8;Ji-Paraná;107;200;"Embalagem Poke P 540mls (caixa com 200 unidades, base e tampa)";11;10;8;1600.000;1.46;Entrada;unidade;"2026-04-06 12:13:49";"2026-04-06 12:13:49"
11977;8;Ji-Paraná;88;222;"Embalagem Yakisoba (500 unid.)";17;13;8;2810.000;1.68;Entrada;unidade;"2026-02-28 17:40:17";"2026-02-28 17:40:17"
12933;8;Ji-Paraná;90;106;"Farinha de Trigo  1kg";3;6;71;7.000;3.15;Entrada;unidade;"2026-03-30 16:10:57";"2026-03-30 16:10:57"
13161;8;Ji-Paraná;90;106;"Farinha de Trigo  1kg";3;6;8;10.000;3.65;Entrada;unidade;"2026-04-06 21:17:11";"2026-04-06 21:17:11"
13100;8;Ji-Paraná;14;142;"Farinha Panko Alfa 1kg";16;4;8;19.000;19.90;Entrada;unidade;"2026-04-05 18:13:33";"2026-04-05 18:13:33"
13191;8;Ji-Paraná;41;160;"Filé de Peito de Frango";1;6;8;1.080;30.13;Entrada;kg;"2026-04-08 10:43:00";"2026-04-08 10:43:00"
13234;8;Ji-Paraná;53;162;"Filé de Tilápia (Pacote 5kg)";1;3;8;12.000;49.90;Entrada;kg;"2026-04-09 11:57:12";"2026-04-09 11:57:12"
9669;8;Ji-Paraná;24;76;"Gás Butano 227g";5;4;8;3.000;16.40;Entrada;unidade;"2025-12-21 15:47:40";"2025-12-21 15:47:40"
13101;8;Ji-Paraná;24;76;"Gás Butano 227g";5;4;8;4.000;16.40;Entrada;unidade;"2026-04-05 18:13:33";"2026-04-05 18:13:33"
12096;8;Ji-Paraná;21;85;"Gengibre Maki 1kg";16;4;8;5.000;16.90;Entrada;unidade;"2026-03-06 16:40:06";"2026-03-06 16:40:06"
12434;8;Ji-Paraná;21;85;"Gengibre Maki 1kg";16;4;8;10.000;16.90;Entrada;unidade;"2026-03-16 16:28:47";"2026-03-16 16:28:47"
12570;8;Ji-Paraná;21;85;"Gengibre Maki 1kg";16;4;8;20.000;16.90;Entrada;unidade;"2026-03-19 16:35:55";"2026-03-19 16:35:55"
13102;8;Ji-Paraná;21;85;"Gengibre Maki 1kg";16;4;8;30.000;16.90;Entrada;unidade;"2026-04-05 18:13:33";"2026-04-05 18:13:33"
12934;8;Ji-Paraná;75;163;"Gengibre Raiz";4;6;71;0.490;16.80;Entrada;kg;"2026-03-30 16:10:57";"2026-03-30 16:10:57"
13162;8;Ji-Paraná;75;163;"Gengibre Raiz";4;6;8;1.544;17.75;Entrada;kg;"2026-04-06 21:17:11";"2026-04-06 21:17:11"
12435;8;Ji-Paraná;25;144;"Gergelim Misto 1kg";16;4;8;1.000;32.90;Entrada;unidade;"2026-03-16 16:28:47";"2026-03-16 16:28:47"
12913;8;Ji-Paraná;25;144;"Gergelim Misto 1kg";16;4;8;1.000;32.90;Entrada;unidade;"2026-03-29 16:20:04";"2026-03-29 16:20:04"
12571;8;Ji-Paraná;11;212;"Glutamato Taichi 1kg";14;4;8;4.000;32.90;Entrada;unidade;"2026-03-19 16:35:55";"2026-03-19 16:35:55"
13103;8;Ji-Paraná;11;212;"Glutamato Taichi 1kg";14;4;8;3.000;32.90;Entrada;unidade;"2026-04-05 18:13:33";"2026-04-05 18:13:33"
12664;8;Ji-Paraná;112;100;"Guaraná Antarctica Lata";15;6;24;14.000;3.19;Entrada;unidade;"2026-03-21 15:54:35";"2026-03-21 15:54:35"
12405;8;Ji-Paraná;111;187;"Hashi Taiksu";11;11;8;2500.000;0.23;Entrada;unidade;"2026-03-16 13:38:24";"2026-03-16 13:38:24"
12406;8;Ji-Paraná;111;187;"Hashi Taiksu";11;11;8;6000.000;0.24;Entrada;unidade;"2026-03-16 13:38:24";"2026-03-16 13:38:24"
12104;8;Ji-Paraná;20;208;"Hondashi Ajinomoto 500g";14;4;8;1.000;59.90;Entrada;unidade;"2026-03-06 16:40:06";"2026-03-06 16:40:06"
12579;8;Ji-Paraná;20;208;"Hondashi Ajinomoto 500g";14;4;8;3.000;59.90;Entrada;unidade;"2026-03-19 16:35:55";"2026-03-19 16:35:55"
13108;8;Ji-Paraná;20;208;"Hondashi Ajinomoto 500g";14;4;8;5.000;59.90;Entrada;unidade;"2026-04-05 18:13:33";"2026-04-05 18:13:33"
12586;8;Ji-Paraná;105;182;"Kani Kama Foods 1KG";10;4;8;9.000;37.90;Entrada;kg;"2026-03-19 19:25:19";"2026-03-19 19:25:19"
12935;8;Ji-Paraná;76;164;Laranja;4;6;71;1.938;4.98;Entrada;kg;"2026-03-30 16:10:57";"2026-03-30 16:10:57"
13152;8;Ji-Paraná;76;164;Laranja;4;6;8;2.386;4.98;Entrada;kg;"2026-04-06 21:07:37";"2026-04-06 21:07:37"
13153;8;Ji-Paraná;77;91;"Limão Taiti";4;6;8;1.354;5.70;Entrada;kg;"2026-04-06 21:07:37";"2026-04-06 21:07:37"
13163;8;Ji-Paraná;77;91;"Limão Taiti";4;6;8;1.736;5.70;Entrada;kg;"2026-04-06 21:17:11";"2026-04-06 21:17:11"
12437;8;Ji-Paraná;15;213;"Macarrão Yakisoba Premium Alfa 500g";16;4;8;8.000;10.90;Entrada;unidade;"2026-03-16 16:28:47";"2026-03-16 16:28:47"
12572;8;Ji-Paraná;15;213;"Macarrão Yakisoba Premium Alfa 500g";16;4;8;40.000;10.90;Entrada;unidade;"2026-03-19 16:35:55";"2026-03-19 16:35:55"
12914;8;Ji-Paraná;15;213;"Macarrão Yakisoba Premium Alfa 500g";16;4;8;20.000;10.90;Entrada;unidade;"2026-03-29 16:20:04";"2026-03-29 16:20:04"
13104;8;Ji-Paraná;15;213;"Macarrão Yakisoba Premium Alfa 500g";16;4;8;20.000;10.90;Entrada;unidade;"2026-04-05 18:13:33";"2026-04-05 18:13:33"
12438;8;Ji-Paraná;33;133;"Maionese Kiwpie 450g";16;4;8;2.000;94.50;Entrada;unidade;"2026-03-16 16:28:47";"2026-03-16 16:28:47"
9497;8;Ji-Paraná;69;165;"Mandioca 1Kg";4;6;24;3.000;8.90;Entrada;unidade;"2025-12-17 09:20:00";"2025-12-17 09:20:00"
13154;8;Ji-Paraná;96;102;"Manteiga 500g";3;6;8;2.000;22.35;Entrada;unidade;"2026-04-06 21:07:37";"2026-04-06 21:07:37"
13164;8;Ji-Paraná;96;102;"Manteiga 500g";3;6;8;5.000;22.95;Entrada;unidade;"2026-04-06 21:17:11";"2026-04-06 21:17:11"
12099;8;Ji-Paraná;157;214;"Molho de Ostras Maki 2,27kg";6;4;8;1.000;54.90;Entrada;unidade;"2026-03-06 16:40:06";"2026-03-06 16:40:06"
12573;8;Ji-Paraná;157;214;"Molho de Ostras Maki 2,27kg";6;4;8;1.000;54.90;Entrada;unidade;"2026-03-19 16:35:55";"2026-03-19 16:35:55"
12654;8;Ji-Paraná;157;214;"Molho de Ostras Maki 2,27kg";6;4;8;1.000;54.90;Entrada;unidade;"2026-03-21 15:51:14";"2026-03-21 15:51:14"
12915;8;Ji-Paraná;157;214;"Molho de Ostras Maki 2,27kg";6;4;8;1.000;54.90;Entrada;unidade;"2026-03-29 16:20:04";"2026-03-29 16:20:04"
10172;8;Ji-Paraná;82;166;Morango;4;6;24;0.001;18.91;Entrada;kg;"2026-01-06 17:43:53";"2026-01-06 17:43:53"
12705;8;Ji-Paraná;82;166;Morango;4;6;71;1.002;15.96;Entrada;kg;"2026-03-23 10:26:25";"2026-03-23 10:26:25"
12920;8;Ji-Paraná;37;118;"Óleo de Gergelim Torrado Hong Kong 1L";7;4;8;2.000;94.50;Entrada;unidade;"2026-03-29 16:20:04";"2026-03-29 16:20:04"
13106;8;Ji-Paraná;37;118;"Óleo de Gergelim Torrado Hong Kong 1L";7;4;8;2.000;94.50;Entrada;unidade;"2026-04-05 18:13:33";"2026-04-05 18:13:33"
13165;8;Ji-Paraná;93;119;"Óleo de Soja 900ml";7;6;8;20.000;7.99;Entrada;unidade;"2026-04-06 21:17:11";"2026-04-06 21:17:11"
13189;8;Ji-Paraná;40;161;"Patinho Bovino";1;6;8;2.446;49.32;Entrada;kg;"2026-04-08 10:43:00";"2026-04-08 10:43:00"
13190;8;Ji-Paraná;40;161;"Patinho Bovino";1;6;8;4.066;48.31;Entrada;kg;"2026-04-08 10:43:00";"2026-04-08 10:43:00"
13192;8;Ji-Paraná;40;161;"Patinho Bovino";1;6;8;3.448;52.82;Entrada;kg;"2026-04-08 10:43:00";"2026-04-08 10:43:00"
13088;8;Ji-Paraná;59;167;Pepino;4;6;8;24.512;7.83;Entrada;kg;"2026-04-03 17:17:20";"2026-04-03 17:17:20"
12155;8;Ji-Paraná;78;168;"Pimenta Dedo de Moça";4;6;8;0.930;45.00;Entrada;kg;"2026-03-10 15:34:40";"2026-03-10 15:34:40"
11675;8;Ji-Paraná;119;77;"Pimenta do Reino 100g";14;6;71;3.000;15.50;Entrada;unidade;"2026-02-24 12:28:39";"2026-02-24 12:28:39"
12674;8;Ji-Paraná;67;169;"Pimentão Amarelo";4;6;24;0.001;23.30;Entrada;kg;"2026-03-21 16:00:45";"2026-03-21 16:00:45"
13166;8;Ji-Paraná;67;169;"Pimentão Amarelo";4;6;8;0.790;27.97;Entrada;kg;"2026-04-06 21:17:11";"2026-04-06 21:17:11"
12154;8;Ji-Paraná;153;174;"Poupa Maracujá Natural";4;6;8;3.400;27.94;Entrada;kg;"2026-03-10 15:34:40";"2026-03-10 15:34:40"
13006;8;Ji-Paraná;153;174;"Poupa Maracujá Natural";4;6;8;3.000;34.00;Entrada;kg;"2026-03-31 16:16:41";"2026-03-31 16:16:41"
13091;8;Ji-Paraná;70;170;"Repolho Roxo";4;6;8;6.820;8.92;Entrada;kg;"2026-04-03 17:17:20";"2026-04-03 17:17:20"
13155;8;Ji-Paraná;70;170;"Repolho Roxo";4;6;8;2.282;12.70;Entrada;kg;"2026-04-06 21:07:37";"2026-04-06 21:07:37"
13003;8;Ji-Paraná;102;171;"Repolho Verde";4;6;8;7.954;4.86;Entrada;kg;"2026-03-31 16:16:41";"2026-03-31 16:16:41"
13044;8;Ji-Paraná;121;202;"Sacola Kraft G (400 unid)";11;13;8;2800.000;0.99;Entrada;unidade;"2026-04-02 12:49:56";"2026-04-02 12:49:56"
13031;8;Ji-Paraná;137;204;"Sacola Kraft P (600 unid)";11;13;8;600.000;0.62;Entrada;unidade;"2026-03-31 19:40:09";"2026-03-31 19:40:09"
13045;8;Ji-Paraná;137;204;"Sacola Kraft P (600 unid)";11;13;8;3000.000;0.62;Entrada;unidade;"2026-04-02 12:49:56";"2026-04-02 12:49:56"
12301;8;Ji-Paraná;29;79;"Sal Branco 1kg";14;6;71;3.000;3.25;Entrada;unidade;"2026-03-12 11:06:17";"2026-03-12 11:06:17"
12937;8;Ji-Paraná;29;79;"Sal Branco 1kg";14;6;71;4.000;3.25;Entrada;unidade;"2026-03-30 16:10:57";"2026-03-30 16:10:57"
11340;8;Ji-Paraná;103;103;"Sal Grosso";3;6;71;1.000;3.90;Entrada;unidade;"2026-02-13 16:21:27";"2026-02-13 16:21:27"
12936;8;Ji-Paraná;103;103;"Sal Grosso";3;6;71;2.000;3.90;Entrada;unidade;"2026-03-30 16:10:57";"2026-03-30 16:10:57"
12929;8;Ji-Paraná;84;159;"Salmão limpo";13;3;8;0.001;71.46;Entrada;kg;"2026-03-29 16:32:50";"2026-03-29 16:32:50"
13112;8;Ji-Paraná;28;175;"Saquê Licoroso Mirin Azuma 5L";6;1;8;4.000;117.45;Entrada;unidade;"2026-04-05 18:17:30";"2026-04-05 18:17:30"
13233;8;Ji-Paraná;28;175;"Saquê Licoroso Mirin Azuma 5L";6;3;8;4.000;117.45;Entrada;unidade;"2026-04-09 11:57:12";"2026-04-09 11:57:12"
12575;8;Ji-Paraná;34;113;"Shoyu Mitsuwa 20L";6;4;8;1.000;164.90;Entrada;unidade;"2026-03-19 16:35:55";"2026-03-19 16:35:55"
12918;8;Ji-Paraná;34;113;"Shoyu Mitsuwa 20L";6;4;8;1.000;164.90;Entrada;unidade;"2026-03-29 16:20:04";"2026-03-29 16:20:04"
12574;8;Ji-Paraná;35;114;"Shoyu Mitsuwa 250 Unid.";6;4;8;4.000;36.90;Entrada;unidade;"2026-03-19 16:35:55";"2026-03-19 16:35:55"
12916;8;Ji-Paraná;35;114;"Shoyu Mitsuwa 250 Unid.";6;4;8;8.000;36.90;Entrada;unidade;"2026-03-29 16:20:04";"2026-03-29 16:20:04"
13105;8;Ji-Paraná;35;114;"Shoyu Mitsuwa 250 Unid.";6;4;8;8.000;37.90;Entrada;unidade;"2026-04-05 18:13:33";"2026-04-05 18:13:33"
11636;8;Ji-Paraná;38;177;"Shoyu Sakura 20L";6;4;8;1.000;289.90;Entrada;unidade;"2026-02-22 16:32:48";"2026-02-22 16:32:48"
12917;8;Ji-Paraná;38;177;"Shoyu Sakura 20L";6;4;8;1.000;289.90;Entrada;unidade;"2026-03-29 16:20:04";"2026-03-29 16:20:04"
12428;8;Ji-Paraná;86;81;"Sprite Lata";15;6;8;4.000;2.90;Entrada;unidade;"2026-03-16 16:08:00";"2026-03-16 16:08:00"
12578;8;Ji-Paraná;32;116;"Sweet Chilli Pantai 4,5L";6;4;8;1.000;189.90;Entrada;unidade;"2026-03-19 16:35:55";"2026-03-19 16:35:55"
12921;8;Ji-Paraná;32;116;"Sweet Chilli Pantai 4,5L";6;4;8;1.000;189.90;Entrada;unidade;"2026-03-29 16:20:04";"2026-03-29 16:20:04"
13107;8;Ji-Paraná;32;116;"Sweet Chilli Pantai 4,5L";6;4;8;1.000;189.90;Entrada;unidade;"2026-04-05 18:13:33";"2026-04-05 18:13:33"
13156;8;Ji-Paraná;63;172;"Tomate Cereja";4;6;8;2.000;6.85;Entrada;unidade;"2026-04-06 21:07:37";"2026-04-06 21:07:37"
13167;8;Ji-Paraná;63;172;"Tomate Cereja";4;6;8;4.000;4.99;Entrada;unidade;"2026-04-06 21:17:11";"2026-04-06 21:17:11"
12665;8;Ji-Paraná;94;94;"Vinagre 750ml";14;6;24;6.000;10.55;Entrada;unidade;"2026-03-21 15:54:35";"2026-03-21 15:54:35"
11873;8;Ji-Paraná;30;216;"Vinagre Castelo 20L";14;3;8;1.000;129.90;Entrada;unidade;"2026-02-26 17:44:44";"2026-02-26 17:44:44"
12075;8;Ji-Paraná;30;216;"Vinagre Castelo 20L";14;3;8;1.000;129.90;Entrada;unidade;"2026-03-05 15:58:36";"2026-03-05 15:58:36"
13109;8;Ji-Paraná;30;216;"Vinagre Castelo 20L";14;4;8;2.000;129.90;Entrada;unidade;"2026-04-05 18:13:33";"2026-04-05 18:13:33"
11229;8;Ji-Paraná;16;82;"Wasabi Maki 1kg";16;4;8;1.000;54.90;Entrada;unidade;"2026-02-08 16:40:34";"2026-02-08 16:40:34"
11365;8;Ji-Paraná;16;82;"Wasabi Maki 1kg";16;4;8;3.000;54.90;Entrada;unidade;"2026-02-14 17:01:39";"2026-02-14 17:01:39"
13068;10;Cacoal;97;74;"Açúcar Branco 2kg";3;6;48;1.000;4.68;Entrada;unidade;"2026-04-03 16:30:46";"2026-04-03 16:30:46"
13201;10;Cacoal;97;74;"Açúcar Branco 2kg";3;6;48;10.000;4.78;Entrada;unidade;"2026-04-08 15:51:36";"2026-04-08 15:51:36"
12875;10;Cacoal;98;96;"Água C/ Gás";15;6;48;3.000;1.99;Entrada;unidade;"2026-03-27 18:12:12";"2026-03-27 18:12:12"
13202;10;Cacoal;98;96;"Água C/ Gás";15;6;48;12.000;2.60;Entrada;unidade;"2026-04-08 15:51:36";"2026-04-08 15:51:36"
12876;10;Cacoal;99;97;"Água S/ Gás";15;6;48;12.000;2.60;Entrada;unidade;"2026-03-27 18:12:12";"2026-03-27 18:12:12"
10678;10;Cacoal;19;132;"Alga Kombu";16;4;48;1.000;31.50;Entrada;unidade;"2026-01-22 16:03:00";"2026-01-22 16:03:00"
12780;10;Cacoal;19;132;"Alga Kombu";16;4;48;1.000;31.50;Entrada;unidade;"2026-03-26 17:13:51";"2026-03-26 17:13:51"
13059;10;Cacoal;18;83;"Alga Nori Gold Maki 140g";16;4;48;16.000;52.90;Entrada;unidade;"2026-04-02 17:04:50";"2026-04-02 17:04:50"
10649;10;Cacoal;68;123;Alho;4;6;48;0.110;11.61;Entrada;kg;"2026-01-20 15:27:13";"2026-01-20 15:27:13"
13069;10;Cacoal;68;123;Alho;4;6;48;0.150;16.80;Entrada;kg;"2026-04-03 16:30:46";"2026-04-03 16:30:46"
12607;10;Cacoal;23;136;"Amêndoa Laminada Osara 1kg";16;4;48;2.000;94.50;Entrada;unidade;"2026-03-20 19:02:46";"2026-03-20 19:02:46"
12878;10;Cacoal;91;94;"Amido de Milho 500g";3;6;48;1.000;5.90;Entrada;unidade;"2026-03-27 18:12:12";"2026-03-27 18:12:12"
13203;10;Cacoal;91;94;"Amido de Milho 500g";3;6;48;3.000;5.95;Entrada;unidade;"2026-04-08 15:51:36";"2026-04-08 15:51:36"
13060;10;Cacoal;12;84;"Arroz Minami Mai Curto 5kg";16;4;48;3.000;64.90;Entrada;unidade;"2026-04-02 17:04:50";"2026-04-02 17:04:50"
13070;10;Cacoal;61;173;"Batata Doce";4;6;48;0.897;9.98;Entrada;kg;"2026-04-03 16:30:46";"2026-04-03 16:30:46"
13071;10;Cacoal;72;125;Brócolis;4;6;48;2.025;23.95;Entrada;kg;"2026-04-03 16:30:46";"2026-04-03 16:30:46"
11988;10;Cacoal;142;142;"Caldo Knorr (1 Unidade)";14;6;48;2.000;7.80;Entrada;unidade;"2026-03-03 15:30:30";"2026-03-03 15:30:30"
11843;10;Cacoal;50;181;"Camarão Cinza 1kg";10;12;48;7.000;19.00;Entrada;kg;"2026-02-26 15:42:35";"2026-02-26 15:42:35"
13211;10;Cacoal;50;181;"Camarão Cinza 1kg";10;12;48;10.000;19.00;Entrada;kg;"2026-04-08 16:12:17";"2026-04-08 16:12:17"
12110;10;Cacoal;66;154;Cebola;4;6;48;0.728;3.29;Entrada;kg;"2026-03-06 18:06:02";"2026-03-06 18:06:02"
13016;10;Cacoal;65;126;"Cebola Roxa";4;6;48;0.892;8.99;Entrada;kg;"2026-03-31 18:18:20";"2026-03-31 18:18:20"
13197;10;Cacoal;65;126;"Cebola Roxa";4;6;48;1.180;5.99;Entrada;kg;"2026-04-08 15:51:36";"2026-04-08 15:51:36"
13199;10;Cacoal;44;127;Cebolinha;4;6;48;4.000;3.00;Entrada;unidade;"2026-04-08 15:51:36";"2026-04-08 15:51:36"
13023;10;Cacoal;71;128;Cenoura;4;6;48;0.234;7.98;Entrada;kg;"2026-03-31 18:18:20";"2026-03-31 18:18:20"
13072;10;Cacoal;71;128;Cenoura;4;6;48;2.844;7.95;Entrada;kg;"2026-04-03 16:30:46";"2026-04-03 16:30:46"
13204;10;Cacoal;71;128;Cenoura;4;6;48;3.726;8.98;Entrada;kg;"2026-04-08 15:51:36";"2026-04-08 15:51:36"
13073;10;Cacoal;74;129;Chuchu;4;6;48;2.742;5.98;Entrada;kg;"2026-04-03 16:30:46";"2026-04-03 16:30:46"
12882;10;Cacoal;101;95;"Coca Cola Lata";15;6;48;6.000;3.79;Entrada;unidade;"2026-03-27 18:12:12";"2026-03-27 18:12:12"
13210;10;Cacoal;101;95;"Coca Cola Lata";15;6;48;36.000;3.58;Entrada;unidade;"2026-04-08 15:51:36";"2026-04-08 15:51:36"
13078;10;Cacoal;87;80;"Coca Cola Zero Lata";15;6;48;36.000;3.79;Entrada;unidade;"2026-04-03 16:30:46";"2026-04-03 16:30:46"
13200;10;Cacoal;64;130;Coentro;4;6;48;1.000;3.00;Entrada;unidade;"2026-04-08 15:51:36";"2026-04-08 15:51:36"
13014;10;Cacoal;73;155;"Couve Flor";4;6;48;0.371;39.99;Entrada;kg;"2026-03-31 18:18:20";"2026-03-31 18:18:20"
13074;10;Cacoal;73;155;"Couve Flor";4;6;48;1.654;51.09;Entrada;kg;"2026-04-03 16:30:46";"2026-04-03 16:30:46"
13198;10;Cacoal;43;156;"Couve Maço";4;6;48;15.000;4.00;Entrada;unidade;"2026-04-08 15:51:36";"2026-04-08 15:51:36"
12782;10;Cacoal;22;75;"Cream Cheese Polenghi 1.5kg";16;4;48;6.000;64.99;Entrada;unidade;"2026-03-26 17:13:51";"2026-03-26 17:13:51"
13061;10;Cacoal;22;75;"Cream Cheese Polenghi 1.5kg";16;4;48;15.000;64.99;Entrada;unidade;"2026-04-02 17:04:50";"2026-04-02 17:04:50"
11561;10;Cacoal;110;217;"Embalagem G (500 unid.)";17;8;48;1526.000;1.39;Entrada;unidade;"2026-02-20 14:54:10";"2026-02-20 14:54:10"
12513;10;Cacoal;130;192;"Embalagem G640D";11;6;48;7.000;4.50;Entrada;unidade;"2026-03-17 17:43:27";"2026-03-17 17:43:27"
13013;10;Cacoal;130;192;"Embalagem G640D";11;6;48;15.000;4.50;Entrada;unidade;"2026-03-31 18:18:20";"2026-03-31 18:18:20"
5812;10;Cacoal;89;223;"Embalagem Gaveta (200 unid.)";17;8;48;199.000;2.61;Entrada;unidade;"2025-08-28 17:50:46";"2025-08-28 17:50:46"
11562;10;Cacoal;89;223;"Embalagem Gaveta (200 unid.)";17;8;48;1200.000;2.65;Entrada;unidade;"2026-02-20 14:54:10";"2026-02-20 14:54:10"
12762;10;Cacoal;89;223;"Embalagem Gaveta (200 unid.)";17;8;48;400.000;2.71;Entrada;unidade;"2026-03-24 19:36:07";"2026-03-24 19:36:07"
1302;10;Cacoal;109;220;"Embalagem M  (500 unid.)";17;8;26;455.000;1.56;Entrada;unidade;"2025-03-26 18:44:09";"2025-08-28 17:00:08"
2446;10;Cacoal;109;220;"Embalagem M  (500 unid.)";17;6;48;1000.000;1.31;Entrada;unidade;"2025-05-06 13:32:11";"2025-05-06 13:32:11"
9000;10;Cacoal;114;224;"Embalagem P (700 unid.)";17;8;48;534.000;0.71;Entrada;unidade;"2025-12-03 16:15:46";"2025-12-03 16:15:46"
12909;10;Cacoal;133;194;"Embalagem para Molho";11;6;48;1501.000;0.15;Entrada;unidade;"2026-03-28 23:14:04";"2026-03-28 23:14:04"
4298;10;Cacoal;108;197;"Embalagem Poke G 750 mls (caixa com 200 unidades, base e tampa)";11;8;48;900.000;1.42;Entrada;unidade;"2025-07-08 15:04:49";"2025-07-08 15:04:49"
8805;10;Cacoal;108;197;"Embalagem Poke G 750 mls (caixa com 200 unidades, base e tampa)";11;10;48;0.000;0.73;Entrada;unidade;"2025-11-27 18:01:16";"2025-11-27 18:09:27"
8818;10;Cacoal;107;200;"Embalagem Poke P 540mls (caixa com 200 unidades, base e tampa)";11;10;48;100.000;0.73;Entrada;unidade;"2025-11-27 18:10:08";"2026-01-18 16:35:57"
12777;10;Cacoal;107;200;"Embalagem Poke P 540mls (caixa com 200 unidades, base e tampa)";11;10;48;3200.000;0.73;Entrada;unidade;"2026-03-26 17:06:09";"2026-03-26 17:06:09"
5813;10;Cacoal;88;222;"Embalagem Yakisoba (500 unid.)";17;8;48;493.000;1.65;Entrada;unidade;"2025-08-28 17:50:46";"2025-08-28 17:50:46"
9817;10;Cacoal;127;150;"Esteira de Bambu";5;4;48;2.000;19.90;Entrada;unidade;"2025-12-23 17:36:08";"2026-02-13 18:30:47"
13205;10;Cacoal;90;106;"Farinha de Trigo  1kg";3;6;48;10.000;3.29;Entrada;unidade;"2026-04-08 15:51:36";"2026-04-08 15:51:36"
12783;10;Cacoal;14;142;"Farinha Panko Alfa 1kg";16;4;48;6.000;19.90;Entrada;unidade;"2026-03-26 17:13:51";"2026-03-26 17:13:51"
13062;10;Cacoal;14;142;"Farinha Panko Alfa 1kg";16;4;48;9.000;19.90;Entrada;unidade;"2026-04-02 17:04:50";"2026-04-02 17:04:50"
12115;10;Cacoal;41;160;"Filé de Peito de Frango";1;6;48;0.410;22.80;Entrada;kg;"2026-03-06 18:06:02";"2026-03-06 18:06:02"
12166;10;Cacoal;41;160;"Filé de Peito de Frango";1;6;48;2.000;22.80;Entrada;kg;"2026-03-10 16:32:15";"2026-03-10 16:32:15"
12520;10;Cacoal;41;160;"Filé de Peito de Frango";1;6;48;3.000;22.80;Entrada;kg;"2026-03-17 17:43:27";"2026-03-17 17:43:27"
12761;10;Cacoal;53;162;"Filé de Tilápia (Pacote 5kg)";1;3;48;4.328;49.90;Entrada;kg;"2026-03-24 19:30:53";"2026-03-24 19:30:53"
9819;10;Cacoal;24;76;"Gás Butano 227g";5;4;48;1.000;16.40;Entrada;unidade;"2025-12-23 17:36:08";"2025-12-23 17:36:08"
12372;10;Cacoal;24;76;"Gás Butano 227g";5;4;48;3.000;16.40;Entrada;unidade;"2026-03-13 16:23:30";"2026-03-13 16:23:30"
12610;10;Cacoal;21;85;"Gengibre Maki 1kg";16;4;48;1.000;16.90;Entrada;unidade;"2026-03-20 19:02:46";"2026-03-20 19:02:46"
12784;10;Cacoal;21;85;"Gengibre Maki 1kg";16;4;48;10.000;16.90;Entrada;unidade;"2026-03-26 17:13:51";"2026-03-26 17:13:51"
12167;10;Cacoal;75;163;"Gengibre Raiz";4;6;48;0.613;22.99;Entrada;kg;"2026-03-10 16:32:15";"2026-03-10 16:32:15"
13206;10;Cacoal;75;163;"Gengibre Raiz";4;6;48;0.370;16.81;Entrada;kg;"2026-04-08 15:51:36";"2026-04-08 15:51:36"
11849;10;Cacoal;25;144;"Gergelim Misto 1kg";16;4;48;1.000;32.90;Entrada;unidade;"2026-02-26 15:50:24";"2026-02-26 15:50:24"
13063;10;Cacoal;25;144;"Gergelim Misto 1kg";16;4;48;1.000;32.90;Entrada;unidade;"2026-04-02 17:04:50";"2026-04-02 17:04:50"
10683;10;Cacoal;11;212;"Glutamato Taichi 1kg";14;4;48;2.000;32.90;Entrada;unidade;"2026-01-22 16:03:00";"2026-01-22 16:03:00"
12373;10;Cacoal;11;212;"Glutamato Taichi 1kg";14;4;48;3.000;32.90;Entrada;unidade;"2026-03-13 16:23:30";"2026-03-13 16:23:30"
13018;10;Cacoal;112;100;"Guaraná Antarctica Lata";15;6;48;10.000;3.99;Entrada;unidade;"2026-03-31 18:18:20";"2026-03-31 18:18:20"
12617;10;Cacoal;160;101;"Guaraná lata Zero";15;6;48;1.000;4.25;Entrada;unidade;"2026-03-20 19:28:41";"2026-03-20 19:28:41"
13019;10;Cacoal;160;101;"Guaraná lata Zero";15;6;48;12.000;4.25;Entrada;unidade;"2026-03-31 18:18:20";"2026-03-31 18:18:20"
11764;10;Cacoal;111;187;"Hashi Taiksu";11;11;48;1680.000;0.24;Entrada;unidade;"2026-02-25 15:37:22";"2026-02-25 15:37:22"
12378;10;Cacoal;20;208;"Hondashi Ajinomoto 500g";14;4;48;3.000;59.90;Entrada;unidade;"2026-03-13 16:23:30";"2026-03-13 16:23:30"
13066;10;Cacoal;20;208;"Hondashi Ajinomoto 500g";14;4;48;4.000;59.90;Entrada;unidade;"2026-04-02 17:04:50";"2026-04-02 17:04:50"
12068;10;Cacoal;105;182;"Kani Kama Foods 1KG";10;4;48;1.000;37.90;Entrada;kg;"2026-03-05 15:03:37";"2026-03-05 15:03:37"
12380;10;Cacoal;105;182;"Kani Kama Foods 1KG";10;4;48;6.000;37.90;Entrada;kg;"2026-03-13 16:23:30";"2026-03-13 16:23:30"
13025;10;Cacoal;76;164;Laranja;4;6;48;0.327;4.98;Entrada;kg;"2026-03-31 18:18:20";"2026-03-31 18:18:20"
13075;10;Cacoal;76;164;Laranja;4;6;48;2.156;4.98;Entrada;kg;"2026-04-03 16:30:46";"2026-04-03 16:30:46"
13076;10;Cacoal;77;91;"Limão Taiti";4;6;48;1.314;5.70;Entrada;kg;"2026-04-03 16:30:46";"2026-04-03 16:30:46"
12785;10;Cacoal;152;151;"Maçarico Maki";5;4;48;2.000;49.90;Entrada;unidade;"2026-03-26 17:13:51";"2026-03-26 17:13:51"
12381;10;Cacoal;15;213;"Macarrão Yakisoba Premium Alfa 500g";16;4;48;5.000;10.90;Entrada;unidade;"2026-03-13 16:23:30";"2026-03-13 16:23:30"
12786;10;Cacoal;15;213;"Macarrão Yakisoba Premium Alfa 500g";16;4;48;15.000;10.90;Entrada;unidade;"2026-03-26 17:13:51";"2026-03-26 17:13:51"
12061;10;Cacoal;33;133;"Maionese Kiwpie 450g";16;4;48;1.000;94.50;Entrada;unidade;"2026-03-05 15:03:37";"2026-03-05 15:03:37"
12773;10;Cacoal;96;102;"Manteiga 500g";3;6;48;6.000;17.80;Entrada;unidade;"2026-03-24 19:56:53";"2026-03-24 19:56:53"
9820;10;Cacoal;151;107;"Moedor de Gergelim";5;4;48;2.000;49.90;Entrada;unidade;"2025-12-23 17:36:08";"2025-12-23 17:36:08"
12787;10;Cacoal;36;108;"Molho de Ostras Maki 1.98L";6;4;48;1.000;54.90;Entrada;unidade;"2026-03-26 17:13:51";"2026-03-26 17:13:51"
10265;10;Cacoal;157;214;"Molho de Ostras Maki 2,27kg";6;4;48;1.000;54.90;Entrada;unidade;"2026-01-08 18:19:11";"2026-01-08 18:19:11"
10685;10;Cacoal;157;214;"Molho de Ostras Maki 2,27kg";6;4;48;1.000;54.90;Entrada;unidade;"2026-01-22 16:03:00";"2026-01-22 16:03:00"
12170;10;Cacoal;82;166;Morango;4;6;48;0.002;15.96;Entrada;kg;"2026-03-10 16:32:15";"2026-03-10 16:32:15"
11852;10;Cacoal;37;118;"Óleo de Gergelim Torrado Hong Kong 1L";7;4;48;1.000;94.50;Entrada;unidade;"2026-02-26 15:50:24";"2026-02-26 15:50:24"
12790;10;Cacoal;37;118;"Óleo de Gergelim Torrado Hong Kong 1L";7;4;48;1.000;94.50;Entrada;unidade;"2026-03-26 17:13:51";"2026-03-26 17:13:51"
12881;10;Cacoal;93;119;"Óleo de Soja 900ml";7;6;48;18.000;7.99;Entrada;unidade;"2026-03-27 18:12:12";"2026-03-27 18:12:12"
12163;10;Cacoal;40;161;"Patinho Bovino";1;6;48;1.839;35.95;Entrada;kg;"2026-03-10 16:32:15";"2026-03-10 16:32:15"
12619;10;Cacoal;40;161;"Patinho Bovino";1;6;48;2.098;44.88;Entrada;kg;"2026-03-20 19:28:41";"2026-03-20 19:28:41"
13022;10;Cacoal;40;161;"Patinho Bovino";1;6;48;1.958;37.80;Entrada;kg;"2026-03-31 18:18:20";"2026-03-31 18:18:20"
13077;10;Cacoal;59;167;Pepino;4;6;48;0.198;9.70;Entrada;kg;"2026-04-03 16:30:46";"2026-04-03 16:30:46"
13196;10;Cacoal;59;167;Pepino;4;6;48;4.198;10.99;Entrada;kg;"2026-04-08 15:51:36";"2026-04-08 15:51:36"
9284;10;Cacoal;161;180;"Perfex 240 Metros 600 Panos Colorido";8;6;48;2.000;124.00;Entrada;unidade;"2025-12-09 23:04:29";"2025-12-09 23:04:29"
11095;10;Cacoal;78;168;"Pimenta Dedo de Moça";4;6;48;0.060;50.00;Entrada;kg;"2026-02-03 15:09:27";"2026-02-03 15:09:27"
11695;10;Cacoal;78;168;"Pimenta Dedo de Moça";4;6;48;0.146;50.00;Entrada;kg;"2026-02-24 16:20:05";"2026-02-24 16:20:05"
12767;10;Cacoal;78;168;"Pimenta Dedo de Moça";4;6;48;0.048;100.00;Entrada;kg;"2026-03-24 19:56:53";"2026-03-24 19:56:53"
9272;10;Cacoal;119;77;"Pimenta do Reino 100g";14;6;48;1.000;15.50;Entrada;unidade;"2025-12-09 18:46:55";"2025-12-09 18:46:55"
12623;10;Cacoal;119;77;"Pimenta do Reino 100g";14;6;48;1.000;15.50;Entrada;unidade;"2026-03-20 19:28:41";"2026-03-20 19:28:41"
11995;10;Cacoal;67;169;"Pimentão Amarelo";4;6;48;0.000;19.98;Entrada;kg;"2026-03-03 15:30:30";"2026-03-03 15:30:30"
12775;10;Cacoal;67;169;"Pimentão Amarelo";4;6;48;0.772;24.97;Entrada;kg;"2026-03-24 19:56:53";"2026-03-24 19:56:53"
12626;10;Cacoal;70;170;"Repolho Roxo";4;6;48;0.622;11.95;Entrada;kg;"2026-03-20 19:28:41";"2026-03-20 19:28:41"
13080;10;Cacoal;70;170;"Repolho Roxo";4;6;48;2.258;12.70;Entrada;kg;"2026-04-03 16:30:46";"2026-04-03 16:30:46"
13208;10;Cacoal;70;170;"Repolho Roxo";4;6;48;2.420;12.98;Entrada;kg;"2026-04-08 15:51:36";"2026-04-08 15:51:36"
12625;10;Cacoal;102;171;"Repolho Verde";4;6;48;1.065;9.69;Entrada;kg;"2026-03-20 19:28:41";"2026-03-20 19:28:41"
13079;10;Cacoal;102;171;"Repolho Verde";4;6;48;1.698;8.98;Entrada;kg;"2026-04-03 16:30:46";"2026-04-03 16:30:46"
13207;10;Cacoal;102;171;"Repolho Verde";4;6;48;2.424;7.98;Entrada;kg;"2026-04-08 15:51:36";"2026-04-08 15:51:36"
6877;10;Cacoal;116;188;"Saco de Kit (490 unid)";11;3;48;0.000;234.90;Entrada;unidade;"2025-09-30 14:51:06";"2025-09-30 15:01:20"
12563;10;Cacoal;121;202;"Sacola Kraft G (400 unid)";11;13;48;400.000;1.08;Entrada;unidade;"2026-03-18 17:06:39";"2026-03-18 17:06:39"
12564;10;Cacoal;137;204;"Sacola Kraft P (600 unid)";11;13;48;200.000;0.68;Entrada;unidade;"2026-03-18 17:06:39";"2026-03-18 17:06:39"
12528;10;Cacoal;29;79;"Sal Branco 1kg";14;6;48;2.000;2.99;Entrada;unidade;"2026-03-17 17:43:27";"2026-03-17 17:43:27"
10345;10;Cacoal;103;103;"Sal Grosso";3;6;48;1.000;3.65;Entrada;unidade;"2026-01-09 16:45:19";"2026-01-09 16:45:19"
12527;10;Cacoal;103;103;"Sal Grosso";3;6;48;2.000;4.10;Entrada;unidade;"2026-03-17 17:43:27";"2026-03-17 17:43:27"
12889;10;Cacoal;84;159;"Salmão limpo";13;3;48;9.729;72.19;Entrada;kg;"2026-03-28 17:27:29";"2026-03-28 17:27:29"
12612;10;Cacoal;28;175;"Saquê Licoroso Mirin Azuma 5L";6;4;48;3.000;139.90;Entrada;unidade;"2026-03-20 19:02:46";"2026-03-20 19:02:46"
13065;10;Cacoal;28;175;"Saquê Licoroso Mirin Azuma 5L";6;4;48;2.000;149.90;Entrada;unidade;"2026-04-02 17:04:50";"2026-04-02 17:04:50"
12789;10;Cacoal;34;113;"Shoyu Mitsuwa 20L";6;4;48;1.000;164.90;Entrada;unidade;"2026-03-26 17:13:51";"2026-03-26 17:13:51"
12788;10;Cacoal;35;114;"Shoyu Mitsuwa 250 Unid.";6;4;48;3.000;36.90;Entrada;unidade;"2026-03-26 17:13:51";"2026-03-26 17:13:51"
13064;10;Cacoal;35;114;"Shoyu Mitsuwa 250 Unid.";6;4;48;7.000;37.90;Entrada;unidade;"2026-04-02 17:04:50";"2026-04-02 17:04:50"
11292;10;Cacoal;38;177;"Shoyu Sakura 20L";6;4;48;1.000;289.90;Entrada;unidade;"2026-02-12 15:51:08";"2026-02-12 15:51:08"
13017;10;Cacoal;86;81;"Sprite Lata";15;6;48;12.000;3.19;Entrada;unidade;"2026-03-31 18:18:20";"2026-03-31 18:18:20"
12377;10;Cacoal;32;116;"Sweet Chilli Pantai 4,5L";6;4;48;2.000;189.90;Entrada;unidade;"2026-03-13 16:23:30";"2026-03-13 16:23:30"
12613;10;Cacoal;32;116;"Sweet Chilli Pantai 4,5L";6;4;48;1.000;189.90;Entrada;unidade;"2026-03-20 19:02:46";"2026-03-20 19:02:46"
13081;10;Cacoal;63;172;"Tomate Cereja";4;6;48;1.000;6.85;Entrada;unidade;"2026-04-03 16:30:46";"2026-04-03 16:30:46"
13209;10;Cacoal;63;172;"Tomate Cereja";4;6;48;1.000;6.90;Entrada;unidade;"2026-04-08 15:51:36";"2026-04-08 15:51:36"
11320;10;Cacoal;94;94;"Vinagre 750ml";14;6;48;1.000;13.25;Entrada;unidade;"2026-02-13 15:36:38";"2026-02-13 15:36:38"
12530;10;Cacoal;94;94;"Vinagre 750ml";14;6;48;1.000;12.80;Entrada;unidade;"2026-03-17 17:43:27";"2026-03-17 17:43:27"
12614;10;Cacoal;30;216;"Vinagre Castelo 20L";14;4;48;1.000;129.90;Entrada;unidade;"2026-03-20 19:02:46";"2026-03-20 19:02:46"
13067;10;Cacoal;30;216;"Vinagre Castelo 20L";14;4;48;1.000;129.90;Entrada;unidade;"2026-04-02 17:04:50";"2026-04-02 17:04:50"
11534;10;Cacoal;16;82;"Wasabi Maki 1kg";16;4;48;1.000;54.90;Entrada;unidade;"2026-02-19 15:55:48";"2026-02-19 15:55:48"
12791;10;Cacoal;16;82;"Wasabi Maki 1kg";16;4;48;1.000;54.90;Entrada;unidade;"2026-03-26 17:13:51";"2026-03-26 17:13:51"
12272;12;"Porto Velho";97;74;"Açúcar Branco 2kg";3;6;16;1.000;4.89;Entrada;unidade;"2026-03-11 15:19:21";"2026-03-11 15:19:21"
12803;12;"Porto Velho";97;74;"Açúcar Branco 2kg";3;6;16;20.000;4.89;Entrada;unidade;"2026-03-26 17:24:15";"2026-03-26 17:24:15"
7502;12;"Porto Velho";159;149;"Adaptador de Hashi";5;4;16;1.000;49.90;Entrada;unidade;"2025-10-21 12:03:06";"2025-10-21 12:03:06"
12804;12;"Porto Velho";98;96;"Água C/ Gás";15;6;16;12.000;2.60;Entrada;unidade;"2026-03-26 17:24:15";"2026-03-26 17:24:15"
13132;12;"Porto Velho";98;96;"Água C/ Gás";15;6;16;48.000;2.06;Entrada;unidade;"2026-04-06 20:59:23";"2026-04-06 20:59:23"
9940;12;"Porto Velho";99;97;"Água S/ Gás";15;6;16;12.000;1.88;Entrada;unidade;"2025-12-29 20:11:05";"2025-12-29 20:11:05"
11804;12;"Porto Velho";99;97;"Água S/ Gás";15;6;16;36.000;1.88;Entrada;unidade;"2026-02-25 21:07:49";"2026-02-25 21:07:49"
12246;12;"Porto Velho";99;97;"Água S/ Gás";15;6;16;24.000;1.88;Entrada;unidade;"2026-03-11 14:56:20";"2026-03-11 14:56:20"
12481;12;"Porto Velho";99;97;"Água S/ Gás";15;6;16;12.000;1.88;Entrada;unidade;"2026-03-17 15:27:24";"2026-03-17 15:27:24"
12854;12;"Porto Velho";99;97;"Água S/ Gás";15;6;16;24.000;1.88;Entrada;unidade;"2026-03-26 18:31:45";"2026-03-26 18:31:45"
11020;12;"Porto Velho";19;132;"Alga Kombu";16;4;16;2.000;31.50;Entrada;unidade;"2026-01-31 15:35:31";"2026-01-31 15:35:31"
11948;12;"Porto Velho";18;83;"Alga Nori Gold Maki 140g";16;4;16;1.000;49.90;Entrada;unidade;"2026-02-28 12:07:51";"2026-02-28 12:07:51"
12454;12;"Porto Velho";68;123;Alho;4;6;16;0.158;18.97;Entrada;kg;"2026-03-17 14:53:24";"2026-03-17 14:53:24"
13186;12;"Porto Velho";68;123;Alho;4;6;16;0.500;19.50;Entrada;kg;"2026-04-06 21:29:25";"2026-04-06 21:29:25"
12988;12;"Porto Velho";42;124;"Alho Poró";4;6;16;0.001;28.45;Entrada;kg;"2026-03-31 12:34:34";"2026-03-31 12:34:34"
13126;12;"Porto Velho";42;124;"Alho Poró";4;6;16;1.858;28.80;Entrada;kg;"2026-04-06 20:45:31";"2026-04-06 20:45:31"
12491;12;"Porto Velho";132;104;"Amido de Milho 1Kg";3;4;16;3.000;8.58;Entrada;unidade;"2026-03-17 15:48:51";"2026-03-17 15:48:51"
12248;12;"Porto Velho";12;84;"Arroz Minami Mai Curto 5kg";16;6;16;33.000;68.00;Entrada;unidade;"2026-03-11 14:58:16";"2026-03-11 14:58:16"
11777;12;"Porto Velho";13;137;"Arroz Mirokumai Curto 5kg";16;1;16;2.000;81.50;Entrada;unidade;"2026-02-25 19:05:38";"2026-02-25 19:05:38"
12793;12;"Porto Velho";61;173;"Batata Doce";4;6;16;0.994;6.98;Entrada;kg;"2026-03-26 17:16:44";"2026-03-26 17:16:44"
12844;12;"Porto Velho";61;173;"Batata Doce";4;6;16;0.500;6.16;Entrada;kg;"2026-03-26 18:02:46";"2026-03-26 18:02:46"
12989;12;"Porto Velho";61;173;"Batata Doce";4;6;16;1.086;6.98;Entrada;kg;"2026-03-31 12:34:34";"2026-03-31 12:34:34"
11489;12;"Porto Velho";95;183;"Biscoito da Sorte";11;9;16;1000.000;0.33;Entrada;unidade;"2026-02-16 16:59:45";"2026-02-16 16:59:45"
12842;12;"Porto Velho";72;125;Brócolis;4;6;16;1.480;23.50;Entrada;kg;"2026-03-26 18:02:46";"2026-03-26 18:02:46"
12858;12;"Porto Velho";72;125;Brócolis;4;6;16;1.088;19.98;Entrada;kg;"2026-03-26 18:45:48";"2026-03-26 18:45:48"
12984;12;"Porto Velho";72;125;Brócolis;4;6;16;1.774;28.39;Entrada;kg;"2026-03-31 12:31:52";"2026-03-31 12:31:52"
13157;12;"Porto Velho";72;125;Brócolis;4;6;16;6.400;26.00;Entrada;kg;"2026-04-06 21:11:02";"2026-04-06 21:11:02"
13177;12;"Porto Velho";72;125;Brócolis;4;6;16;4.000;25.50;Entrada;kg;"2026-04-06 21:24:02";"2026-04-06 21:24:02"
12463;12;"Porto Velho";142;142;"Caldo Knorr (1 Unidade)";14;6;16;1.000;7.80;Entrada;unidade;"2026-03-17 15:10:31";"2026-03-17 15:10:31"
11779;12;"Porto Velho";50;181;"Camarão Cinza 1kg";10;12;16;0.500;70.00;Entrada;kg;"2026-02-25 19:08:47";"2026-02-25 19:08:47"
12851;12;"Porto Velho";50;181;"Camarão Cinza 1kg";10;12;16;50.000;70.00;Entrada;kg;"2026-03-26 18:29:59";"2026-03-26 18:29:59"
12256;12;"Porto Velho";66;154;Cebola;4;6;16;0.080;4.20;Entrada;kg;"2026-03-11 15:06:15";"2026-03-11 15:06:15"
12829;12;"Porto Velho";66;154;Cebola;4;6;16;0.500;4.48;Entrada;kg;"2026-03-26 17:56:24";"2026-03-26 17:56:24"
13178;12;"Porto Velho";66;154;Cebola;4;6;16;1.300;4.37;Entrada;kg;"2026-04-06 21:24:02";"2026-04-06 21:24:02"
12490;12;"Porto Velho";65;126;"Cebola Roxa";4;6;16;1.050;7.37;Entrada;kg;"2026-03-17 15:44:58";"2026-03-17 15:44:58"
12818;12;"Porto Velho";65;126;"Cebola Roxa";4;6;16;1.300;7.63;Entrada;kg;"2026-03-26 17:43:39";"2026-03-26 17:43:39"
12828;12;"Porto Velho";65;126;"Cebola Roxa";4;6;16;1.200;7.90;Entrada;kg;"2026-03-26 17:56:24";"2026-03-26 17:56:24"
12981;12;"Porto Velho";44;127;Cebolinha;4;6;16;9.000;2.00;Entrada;unidade;"2026-03-31 12:26:26";"2026-03-31 12:26:26"
12838;12;"Porto Velho";71;128;Cenoura;4;6;16;0.180;5.85;Entrada;kg;"2026-03-26 18:02:46";"2026-03-26 18:02:46"
12987;12;"Porto Velho";71;128;Cenoura;4;6;16;2.492;6.99;Entrada;kg;"2026-03-31 12:31:52";"2026-03-31 12:31:52"
13140;12;"Porto Velho";71;128;Cenoura;4;6;16;7.300;6.00;Entrada;kg;"2026-04-06 21:04:39";"2026-04-06 21:04:39"
13174;12;"Porto Velho";71;128;Cenoura;4;6;16;4.100;6.45;Entrada;kg;"2026-04-06 21:24:02";"2026-04-06 21:24:02"
13183;12;"Porto Velho";71;128;Cenoura;4;6;16;4.100;6.30;Entrada;kg;"2026-04-06 21:29:25";"2026-04-06 21:29:25"
12505;12;"Porto Velho";100;100;"Cheiro Verde";4;6;16;1.000;2.90;Entrada;unidade;"2026-03-17 15:57:53";"2026-03-17 15:57:53"
13127;12;"Porto Velho";100;100;"Cheiro Verde";4;6;16;6.000;2.90;Entrada;unidade;"2026-04-06 20:51:15";"2026-04-06 20:51:15"
13169;12;"Porto Velho";100;100;"Cheiro Verde";4;6;16;8.000;2.00;Entrada;unidade;"2026-04-06 21:19:36";"2026-04-06 21:19:36"
13171;12;"Porto Velho";100;100;"Cheiro Verde";4;6;16;20.000;2.00;Entrada;unidade;"2026-04-06 21:20:27";"2026-04-06 21:20:27"
12837;12;"Porto Velho";74;129;Chuchu;4;6;16;1.800;4.75;Entrada;kg;"2026-03-26 18:02:46";"2026-03-26 18:02:46"
13173;12;"Porto Velho";74;129;Chuchu;4;6;16;1.200;5.40;Entrada;kg;"2026-04-06 21:24:02";"2026-04-06 21:24:02"
13182;12;"Porto Velho";74;129;Chuchu;4;6;16;1.300;5.43;Entrada;kg;"2026-04-06 21:29:25";"2026-04-06 21:29:25"
12971;12;"Porto Velho";85;99;"Coca Cola 1L";15;6;16;5.000;6.99;Entrada;unidade;"2026-03-31 11:58:22";"2026-03-31 11:58:22"
13143;12;"Porto Velho";85;99;"Coca Cola 1L";15;6;16;36.000;6.80;Entrada;unidade;"2026-04-06 21:06:39";"2026-04-06 21:06:39"
12849;12;"Porto Velho";101;95;"Coca Cola Lata";15;6;16;24.000;3.68;Entrada;unidade;"2026-03-26 18:09:29";"2026-03-26 18:09:29"
13142;12;"Porto Velho";101;95;"Coca Cola Lata";15;6;16;120.000;3.41;Entrada;unidade;"2026-04-06 21:06:39";"2026-04-06 21:06:39"
12972;12;"Porto Velho";87;80;"Coca Cola Zero Lata";15;6;16;12.000;3.79;Entrada;unidade;"2026-03-31 11:58:22";"2026-03-31 11:58:22"
12983;12;"Porto Velho";64;130;Coentro;4;6;16;1.000;4.25;Entrada;unidade;"2026-03-31 12:27:30";"2026-03-31 12:27:30"
13129;12;"Porto Velho";64;130;Coentro;4;6;16;1.000;2.90;Entrada;unidade;"2026-04-06 20:54:21";"2026-04-06 20:54:21"
12985;12;"Porto Velho";73;155;"Couve Flor";4;6;16;0.032;25.39;Entrada;kg;"2026-03-31 12:31:52";"2026-03-31 12:31:52"
12986;12;"Porto Velho";73;155;"Couve Flor";4;6;16;1.148;25.39;Entrada;kg;"2026-03-31 12:31:52";"2026-03-31 12:31:52"
13136;12;"Porto Velho";73;155;"Couve Flor";4;6;16;0.900;53.24;Entrada;kg;"2026-04-06 21:00:30";"2026-04-06 21:00:30"
13139;12;"Porto Velho";73;155;"Couve Flor";4;6;16;4.600;28.75;Entrada;kg;"2026-04-06 21:04:39";"2026-04-06 21:04:39"
13176;12;"Porto Velho";73;155;"Couve Flor";4;6;16;4.200;28.75;Entrada;kg;"2026-04-06 21:24:02";"2026-04-06 21:24:02"
12980;12;"Porto Velho";43;156;"Couve Maço";4;6;16;20.000;2.00;Entrada;unidade;"2026-03-31 12:26:26";"2026-03-31 12:26:26"
13168;12;"Porto Velho";43;156;"Couve Maço";4;6;16;17.000;2.00;Entrada;unidade;"2026-04-06 21:19:36";"2026-04-06 21:19:36"
13170;12;"Porto Velho";43;156;"Couve Maço";4;6;16;20.000;2.00;Entrada;unidade;"2026-04-06 21:20:27";"2026-04-06 21:20:27"
13000;12;"Porto Velho";22;75;"Cream Cheese Polenghi 1.5kg";16;4;16;14.000;64.99;Entrada;unidade;"2026-03-31 16:09:36";"2026-03-31 16:09:36"
373;12;"Porto Velho";110;217;"Embalagem G (500 unid.)";11;8;16;952.000;1.58;Entrada;unidade;"2025-02-22 06:34:43";"2025-02-22 06:34:43"
12483;12;"Porto Velho";120;185;"Embalagem G640";11;6;16;800.000;0.26;Entrada;unidade;"2026-03-17 15:41:10";"2026-03-17 15:41:10"
8702;12;"Porto Velho";135;193;"Embalagem G645";11;6;16;314.000;0.24;Entrada;unidade;"2025-11-25 09:27:06";"2025-12-31 10:53:32"
12863;12;"Porto Velho";135;193;"Embalagem G645";11;6;16;900.000;0.33;Entrada;unidade;"2026-03-26 18:57:21";"2026-03-26 18:57:21"
11934;12;"Porto Velho";89;223;"Embalagem Gaveta (200 unid.)";17;8;16;874.000;2.65;Entrada;unidade;"2026-02-28 11:57:15";"2026-02-28 11:57:15"
9368;12;"Porto Velho";109;220;"Embalagem M  (500 unid.)";17;8;16;1174.000;1.31;Entrada;unidade;"2025-12-12 18:32:04";"2025-12-31 10:55:41"
12857;12;"Porto Velho";114;224;"Embalagem P (700 unid.)";17;8;16;2154.000;0.79;Entrada;unidade;"2026-03-26 18:39:25";"2026-03-26 18:39:25"
11776;12;"Porto Velho";133;194;"Embalagem para Molho";11;6;16;1400.000;0.14;Entrada;unidade;"2026-02-25 18:47:04";"2026-02-25 18:47:04"
9600;12;"Porto Velho";108;197;"Embalagem Poke G 750 mls (caixa com 200 unidades, base e tampa)";11;10;16;150.000;1.91;Entrada;unidade;"2025-12-19 12:54:47";"2025-12-19 12:54:47"
11488;12;"Porto Velho";108;197;"Embalagem Poke G 750 mls (caixa com 200 unidades, base e tampa)";11;10;16;600.000;1.57;Entrada;unidade;"2026-02-16 16:52:24";"2026-02-16 16:52:24"
12850;12;"Porto Velho";107;200;"Embalagem Poke P 540mls (caixa com 200 unidades, base e tampa)";11;10;16;1000.000;1.46;Entrada;unidade;"2026-03-26 18:11:32";"2026-03-26 18:11:32"
11935;12;"Porto Velho";88;222;"Embalagem Yakisoba (500 unid.)";17;8;16;670.000;1.68;Entrada;unidade;"2026-02-28 11:57:15";"2026-02-28 11:57:15"
12462;12;"Porto Velho";90;106;"Farinha de Trigo  1kg";3;6;16;2.000;2.49;Entrada;unidade;"2026-03-17 15:04:52";"2026-03-17 15:04:52"
12805;12;"Porto Velho";90;106;"Farinha de Trigo  1kg";3;6;16;20.000;3.65;Entrada;unidade;"2026-03-26 17:24:15";"2026-03-26 17:24:15"
11938;12;"Porto Velho";14;142;"Farinha Panko Alfa 1kg";16;4;16;4.000;19.90;Entrada;unidade;"2026-02-28 12:07:51";"2026-02-28 12:07:51"
12799;12;"Porto Velho";41;160;"Filé de Peito de Frango";1;6;16;6.270;16.99;Entrada;kg;"2026-03-26 17:17:56";"2026-03-26 17:17:56"
13135;12;"Porto Velho";41;160;"Filé de Peito de Frango";1;6;16;20.000;15.50;Entrada;kg;"2026-04-06 20:59:23";"2026-04-06 20:59:23"
12243;12;"Porto Velho";53;162;"Filé de Tilápia (Pacote 5kg)";1;6;16;1.312;42.91;Entrada;kg;"2026-03-11 14:54:16";"2026-03-11 14:54:16"
12974;12;"Porto Velho";53;162;"Filé de Tilápia (Pacote 5kg)";1;6;16;3.700;35.45;Entrada;kg;"2026-03-31 12:24:28";"2026-03-31 12:24:28"
12493;12;"Porto Velho";24;76;"Gás Butano 227g";5;4;16;1.000;16.40;Entrada;unidade;"2026-03-17 15:48:51";"2026-03-17 15:48:51"
11939;12;"Porto Velho";21;85;"Gengibre Maki 1kg";16;4;16;6.000;16.90;Entrada;unidade;"2026-02-28 12:07:51";"2026-02-28 12:07:51"
12830;12;"Porto Velho";75;163;"Gengibre Raiz";4;6;16;0.300;14.00;Entrada;kg;"2026-03-26 17:56:24";"2026-03-26 17:56:24"
12843;12;"Porto Velho";75;163;"Gengibre Raiz";4;6;16;1.100;14.92;Entrada;kg;"2026-03-26 18:02:46";"2026-03-26 18:02:46"
13179;12;"Porto Velho";75;163;"Gengibre Raiz";4;6;16;1.300;12.54;Entrada;kg;"2026-04-06 21:24:02";"2026-04-06 21:24:02"
11940;12;"Porto Velho";25;144;"Gergelim Misto 1kg";16;4;16;1.000;32.90;Entrada;unidade;"2026-02-28 12:07:51";"2026-02-28 12:07:51"
12459;12;"Porto Velho";112;100;"Guaraná Antarctica Lata";15;6;16;36.000;3.89;Entrada;unidade;"2026-03-17 15:04:52";"2026-03-17 15:04:52"
13133;12;"Porto Velho";112;100;"Guaraná Antarctica Lata";15;6;16;48.000;3.85;Entrada;unidade;"2026-04-06 20:59:23";"2026-04-06 20:59:23"
12460;12;"Porto Velho";160;101;"Guaraná lata Zero";15;6;16;12.000;3.99;Entrada;unidade;"2026-03-17 15:04:52";"2026-03-17 15:04:52"
13134;12;"Porto Velho";160;101;"Guaraná lata Zero";15;6;16;48.000;3.39;Entrada;unidade;"2026-04-06 20:59:23";"2026-04-06 20:59:23"
10245;12;"Porto Velho";111;187;"Hashi Taiksu";11;11;16;560.000;0.23;Entrada;unidade;"2026-01-08 18:02:15";"2026-01-08 18:02:15"
11954;12;"Porto Velho";20;208;"Hondashi Ajinomoto 500g";14;4;16;2.000;59.90;Entrada;unidade;"2026-02-28 12:07:51";"2026-02-28 12:07:51"
11955;12;"Porto Velho";105;182;"Kani Kama Foods 1KG";10;4;16;1.000;37.90;Entrada;kg;"2026-02-28 12:07:51";"2026-02-28 12:07:51"
11965;12;"Porto Velho";105;182;"Kani Kama Foods 1KG";10;4;16;1.000;36.90;Entrada;kg;"2026-02-28 12:17:53";"2026-02-28 12:17:53"
12835;12;"Porto Velho";76;164;Laranja;4;6;16;2.200;4.00;Entrada;kg;"2026-03-26 18:02:46";"2026-03-26 18:02:46"
12810;12;"Porto Velho";77;91;"Limão Taiti";4;6;16;1.500;3.25;Entrada;kg;"2026-03-26 17:43:38";"2026-03-26 17:43:38"
12820;12;"Porto Velho";77;91;"Limão Taiti";4;6;16;2.000;3.25;Entrada;kg;"2026-03-26 17:56:24";"2026-03-26 17:56:24"
12834;12;"Porto Velho";77;91;"Limão Taiti";4;6;16;3.300;2.95;Entrada;kg;"2026-03-26 18:02:46";"2026-03-26 18:02:46"
12494;12;"Porto Velho";15;213;"Macarrão Yakisoba Premium Alfa 500g";16;4;16;13.000;11.90;Entrada;unidade;"2026-03-17 15:48:51";"2026-03-17 15:48:51"
11943;12;"Porto Velho";33;133;"Maionese Kiwpie 450g";16;4;16;3.000;94.50;Entrada;unidade;"2026-02-28 12:07:51";"2026-02-28 12:07:51"
11959;12;"Porto Velho";69;165;"Mandioca 1Kg";4;6;16;1.000;9.70;Entrada;unidade;"2026-02-28 12:10:00";"2026-02-28 12:10:00"
13130;12;"Porto Velho";69;165;"Mandioca 1Kg";4;6;16;5.000;9.70;Entrada;unidade;"2026-04-06 20:54:21";"2026-04-06 20:54:21"
12801;12;"Porto Velho";96;102;"Manteiga 500g";3;6;16;1.000;18.80;Entrada;unidade;"2026-03-26 17:20:55";"2026-03-26 17:20:55"
12806;12;"Porto Velho";96;102;"Manteiga 500g";3;6;16;6.000;17.80;Entrada;unidade;"2026-03-26 17:24:15";"2026-03-26 17:24:15"
12970;12;"Porto Velho";96;102;"Manteiga 500g";3;6;16;4.000;17.80;Entrada;unidade;"2026-03-31 11:55:50";"2026-03-31 11:55:50"
11944;12;"Porto Velho";157;214;"Molho de Ostras Maki 2,27kg";6;4;16;1.000;54.90;Entrada;unidade;"2026-02-28 12:07:51";"2026-02-28 12:07:51"
12975;12;"Porto Velho";93;119;"Óleo de Soja 900ml";7;6;16;1.000;7.99;Entrada;unidade;"2026-03-31 12:24:28";"2026-03-31 12:24:28"
13131;12;"Porto Velho";93;119;"Óleo de Soja 900ml";7;6;16;20.000;13.58;Entrada;unidade;"2026-04-06 20:59:23";"2026-04-06 20:59:23"
12800;12;"Porto Velho";40;161;"Patinho Bovino";1;6;16;0.120;36.89;Entrada;kg;"2026-03-26 17:20:55";"2026-03-26 17:20:55"
12973;12;"Porto Velho";40;161;"Patinho Bovino";1;6;16;5.030;36.89;Entrada;kg;"2026-03-31 12:21:08";"2026-03-31 12:21:08"
13128;12;"Porto Velho";40;161;"Patinho Bovino";1;6;16;5.062;36.89;Entrada;kg;"2026-04-06 20:54:21";"2026-04-06 20:54:21"
12836;12;"Porto Velho";59;167;Pepino;4;6;16;1.430;9.50;Entrada;kg;"2026-03-26 18:02:46";"2026-03-26 18:02:46"
12976;12;"Porto Velho";59;167;Pepino;4;6;16;2.978;7.95;Entrada;kg;"2026-03-31 12:24:28";"2026-03-31 12:24:28"
12977;12;"Porto Velho";59;167;Pepino;4;6;16;2.424;8.24;Entrada;kg;"2026-03-31 12:24:28";"2026-03-31 12:24:28"
13172;12;"Porto Velho";59;167;Pepino;4;6;16;6.000;8.00;Entrada;kg;"2026-04-06 21:24:02";"2026-04-06 21:24:02"
13181;12;"Porto Velho";59;167;Pepino;4;6;16;8.000;8.00;Entrada;kg;"2026-04-06 21:29:25";"2026-04-06 21:29:25"
12503;12;"Porto Velho";78;168;"Pimenta Dedo de Moça";4;6;16;0.100;40.00;Entrada;kg;"2026-03-17 15:57:13";"2026-03-17 15:57:13"
11594;12;"Porto Velho";119;77;"Pimenta do Reino 100g";14;6;16;1.000;35.00;Entrada;unidade;"2026-02-20 16:24:17";"2026-02-20 16:24:17"
12802;12;"Porto Velho";67;169;"Pimentão Amarelo";4;6;16;0.467;23.31;Entrada;kg;"2026-03-26 17:20:55";"2026-03-26 17:20:55"
12978;12;"Porto Velho";67;169;"Pimentão Amarelo";4;6;16;0.244;25.00;Entrada;kg;"2026-03-31 12:24:28";"2026-03-31 12:24:28"
13010;12;"Porto Velho";153;174;"Poupa Maracujá Natural";4;6;16;10.000;20.00;Entrada;kg;"2026-03-31 16:32:46";"2026-03-31 16:32:46"
12990;12;"Porto Velho";70;170;"Repolho Roxo";4;6;16;0.990;9.98;Entrada;kg;"2026-03-31 12:34:34";"2026-03-31 12:34:34"
13138;12;"Porto Velho";70;170;"Repolho Roxo";4;6;16;4.000;7.95;Entrada;kg;"2026-04-06 21:04:39";"2026-04-06 21:04:39"
13175;12;"Porto Velho";70;170;"Repolho Roxo";4;6;16;4.300;8.90;Entrada;kg;"2026-04-06 21:24:02";"2026-04-06 21:24:02"
13185;12;"Porto Velho";70;170;"Repolho Roxo";4;6;16;4.000;7.95;Entrada;kg;"2026-04-06 21:29:25";"2026-04-06 21:29:25"
12839;12;"Porto Velho";102;171;"Repolho Verde";4;6;16;4.320;5.50;Entrada;kg;"2026-03-26 18:02:46";"2026-03-26 18:02:46"
13137;12;"Porto Velho";102;171;"Repolho Verde";4;6;16;4.500;5.90;Entrada;kg;"2026-04-06 21:04:39";"2026-04-06 21:04:39"
13180;12;"Porto Velho";102;171;"Repolho Verde";4;6;16;4.000;5.90;Entrada;kg;"2026-04-06 21:24:02";"2026-04-06 21:24:02"
13184;12;"Porto Velho";102;171;"Repolho Verde";4;6;16;4.000;5.90;Entrada;kg;"2026-04-06 21:29:25";"2026-04-06 21:29:25"
12278;12;"Porto Velho";29;79;"Sal Branco 1kg";14;6;16;3.000;3.25;Entrada;unidade;"2026-03-11 15:19:21";"2026-03-11 15:19:21"
12808;12;"Porto Velho";29;79;"Sal Branco 1kg";14;6;16;4.000;3.25;Entrada;unidade;"2026-03-26 17:24:15";"2026-03-26 17:24:15"
8026;12;"Porto Velho";103;103;"Sal Grosso";3;6;16;1.000;3.85;Entrada;unidade;"2025-11-05 17:43:22";"2025-11-05 17:43:22"
12967;12;"Porto Velho";84;159;"Salmão limpo";13;3;16;10.430;73.77;Entrada;kg;"2026-03-31 10:11:19";"2026-03-31 10:11:19"
12968;12;"Porto Velho";84;159;"Salmão limpo";13;3;16;21.068;73.62;Entrada;kg;"2026-03-31 10:12:48";"2026-03-31 10:12:48"
12969;12;"Porto Velho";84;159;"Salmão limpo";13;3;16;19.712;75.84;Entrada;kg;"2026-03-31 10:24:10";"2026-03-31 10:24:10"
12819;12;"Porto Velho";28;175;"Saquê Licoroso Mirin Azuma 5L";6;6;16;8.000;116.50;Entrada;unidade;"2026-03-26 17:48:16";"2026-03-26 17:48:16"
12240;12;"Porto Velho";34;113;"Shoyu Mitsuwa 20L";6;6;16;1.000;147.90;Entrada;unidade;"2026-03-11 14:54:16";"2026-03-11 14:54:16"
11946;12;"Porto Velho";38;177;"Shoyu Sakura 20L";6;4;16;1.000;289.90;Entrada;unidade;"2026-02-28 12:07:51";"2026-02-28 12:07:51"
12458;12;"Porto Velho";86;81;"Sprite Lata";15;6;16;6.000;3.35;Entrada;unidade;"2026-03-17 15:01:32";"2026-03-17 15:01:32"
12853;12;"Porto Velho";86;81;"Sprite Lata";15;6;16;24.000;2.90;Entrada;unidade;"2026-03-26 18:31:45";"2026-03-26 18:31:45"
11951;12;"Porto Velho";32;116;"Sweet Chilli Pantai 4,5L";6;4;16;1.000;189.90;Entrada;unidade;"2026-02-28 12:07:51";"2026-02-28 12:07:51"
12991;12;"Porto Velho";63;172;"Tomate Cereja";4;6;16;4.000;4.98;Entrada;unidade;"2026-03-31 12:34:34";"2026-03-31 12:34:34"
13141;12;"Porto Velho";63;172;"Tomate Cereja";4;6;16;3.000;5.67;Entrada;unidade;"2026-04-06 21:04:39";"2026-04-06 21:04:39"
12465;12;"Porto Velho";94;94;"Vinagre 750ml";14;6;16;2.000;8.98;Entrada;unidade;"2026-03-17 15:10:31";"2026-03-17 15:10:31"
12809;12;"Porto Velho";94;94;"Vinagre 750ml";14;6;16;2.000;12.99;Entrada;unidade;"2026-03-26 17:24:15";"2026-03-26 17:24:15"
11952;12;"Porto Velho";16;82;"Wasabi Maki 1kg";16;4;16;3.000;54.90;Entrada;unidade;"2026-02-28 12:07:51";"2026-02-28 12:07:51"
425;14;Jaru;97;74;"Açúcar Branco 2kg";3;6;18;1.000;7.00;Entrada;unidade;"2025-02-26 07:48:28";"2025-02-26 07:48:28"
12738;16;"Ouro Preto";97;74;"Açúcar Branco 2kg";3;6;71;16.000;4.68;Entrada;unidade;"2026-03-24 14:19:20";"2026-03-24 14:19:20"
5658;16;"Ouro Preto";159;149;"Adaptador de Hashi";5;4;22;500.000;0.12;Entrada;unidade;"2025-08-22 16:05:52";"2025-08-22 16:05:52"
11154;16;"Ouro Preto";19;132;"Alga Kombu";16;4;22;1.000;31.50;Entrada;unidade;"2026-02-05 15:50:44";"2026-02-05 15:50:44"
12635;16;"Ouro Preto";19;132;"Alga Kombu";16;4;22;2.000;31.50;Entrada;unidade;"2026-03-21 12:10:35";"2026-03-21 12:10:35"
12355;16;"Ouro Preto";18;83;"Alga Nori Gold Maki 140g";16;4;22;4.000;49.90;Entrada;unidade;"2026-03-12 22:53:56";"2026-03-12 22:53:56"
12646;16;"Ouro Preto";18;83;"Alga Nori Gold Maki 140g";16;4;22;10.000;49.90;Entrada;unidade;"2026-03-21 12:10:35";"2026-03-21 12:10:35"
12900;16;"Ouro Preto";18;83;"Alga Nori Gold Maki 140g";16;4;22;5.000;49.90;Entrada;unidade;"2026-03-28 19:18:41";"2026-03-28 19:18:41"
13114;16;"Ouro Preto";18;83;"Alga Nori Gold Maki 140g";16;4;22;10.000;52.90;Entrada;unidade;"2026-04-05 21:09:17";"2026-04-05 21:09:17"
7389;16;"Ouro Preto";68;123;Alho;4;6;23;0.001;18.98;Entrada;kg;"2025-10-17 11:52:48";"2025-10-17 11:52:48"
7594;16;"Ouro Preto";68;123;Alho;4;6;23;0.300;33.00;Entrada;kg;"2025-10-23 12:41:37";"2025-10-23 12:41:37"
7901;16;"Ouro Preto";68;123;Alho;4;6;22;0.126;18.97;Entrada;kg;"2025-10-31 18:48:42";"2025-10-31 18:48:42"
8749;16;"Ouro Preto";68;123;Alho;4;6;23;0.134;17.84;Entrada;kg;"2025-11-25 15:17:01";"2025-11-25 15:17:01"
9180;16;"Ouro Preto";68;123;Alho;4;6;22;0.226;70.71;Entrada;kg;"2025-12-07 22:51:11";"2025-12-07 22:51:11"
9440;16;"Ouro Preto";68;123;Alho;4;6;23;0.200;15.80;Entrada;kg;"2025-12-16 15:25:11";"2025-12-16 15:25:11"
10618;16;"Ouro Preto";68;123;Alho;4;6;23;0.156;16.79;Entrada;kg;"2026-01-20 15:20:00";"2026-01-20 15:20:00"
11744;16;"Ouro Preto";68;123;Alho;4;6;71;0.168;16.79;Entrada;kg;"2026-02-25 09:35:49";"2026-02-25 09:35:49"
12728;16;"Ouro Preto";42;124;"Alho Poró";4;6;71;1.096;27.85;Entrada;kg;"2026-03-24 14:17:58";"2026-03-24 14:17:58"
12905;16;"Ouro Preto";42;124;"Alho Poró";4;6;22;2.000;40.00;Entrada;kg;"2026-03-28 19:20:39";"2026-03-28 19:20:39"
13113;16;"Ouro Preto";42;124;"Alho Poró";4;6;22;2.000;40.00;Entrada;kg;"2026-04-05 20:55:43";"2026-04-05 20:55:43"
12347;16;"Ouro Preto";23;136;"Amêndoa Laminada Osara 1kg";16;4;22;1.000;94.50;Entrada;unidade;"2026-03-12 22:53:56";"2026-03-12 22:53:56"
12636;16;"Ouro Preto";23;136;"Amêndoa Laminada Osara 1kg";16;4;22;2.000;94.50;Entrada;unidade;"2026-03-21 12:10:35";"2026-03-21 12:10:35"
11109;16;"Ouro Preto";132;104;"Amido de Milho 1Kg";3;6;71;1.000;12.99;Entrada;unidade;"2026-02-05 10:16:35";"2026-02-05 10:16:35"
11398;16;"Ouro Preto";132;104;"Amido de Milho 1Kg";3;6;71;1.000;12.99;Entrada;unidade;"2026-02-16 09:38:37";"2026-02-16 09:38:37"
11893;16;"Ouro Preto";132;104;"Amido de Milho 1Kg";3;6;71;2.000;12.99;Entrada;unidade;"2026-02-27 15:42:28";"2026-02-27 15:42:28"
12949;16;"Ouro Preto";91;94;"Amido de Milho 500g";3;6;71;2.000;5.90;Entrada;unidade;"2026-03-30 16:53:47";"2026-03-30 16:53:47"
12637;16;"Ouro Preto";12;84;"Arroz Minami Mai Curto 5kg";16;4;22;4.000;64.90;Entrada;unidade;"2026-03-21 12:10:35";"2026-03-21 12:10:35"
12893;16;"Ouro Preto";12;84;"Arroz Minami Mai Curto 5kg";16;4;22;12.000;64.90;Entrada;unidade;"2026-03-28 19:18:41";"2026-03-28 19:18:41"
13115;16;"Ouro Preto";12;84;"Arroz Minami Mai Curto 5kg";16;4;22;6.000;64.90;Entrada;unidade;"2026-04-05 21:09:17";"2026-04-05 21:09:17"
5259;16;"Ouro Preto";154;120;Azeite;7;4;22;1.000;99.90;Entrada;unidade;"2025-08-08 14:01:24";"2025-08-08 14:01:24"
11158;16;"Ouro Preto";154;120;Azeite;7;4;22;1.000;99.90;Entrada;unidade;"2026-02-05 15:50:44";"2026-02-05 15:50:44"
12324;16;"Ouro Preto";61;173;"Batata Doce";4;6;71;0.427;9.98;Entrada;kg;"2026-03-12 11:24:11";"2026-03-12 11:24:11"
12950;16;"Ouro Preto";61;173;"Batata Doce";4;6;71;1.224;9.98;Entrada;kg;"2026-03-30 16:53:47";"2026-03-30 16:53:47"
12630;16;"Ouro Preto";72;125;Brócolis;4;6;22;5.413;15.40;Entrada;kg;"2026-03-21 10:37:26";"2026-03-21 10:37:26"
12907;16;"Ouro Preto";72;125;Brócolis;4;6;22;10.000;15.40;Entrada;kg;"2026-03-28 19:20:39";"2026-03-28 19:20:39"
9775;16;"Ouro Preto";142;142;"Caldo Knorr (1 Unidade)";14;6;23;1.000;7.02;Entrada;unidade;"2025-12-23 15:27:40";"2025-12-23 15:27:40"
11384;16;"Ouro Preto";142;142;"Caldo Knorr (1 Unidade)";14;6;71;2.000;7.77;Entrada;unidade;"2026-02-16 09:35:16";"2026-02-16 09:35:16"
11045;16;"Ouro Preto";50;181;"Camarão Cinza 1kg";10;12;22;2.889;64.00;Entrada;kg;"2026-02-01 00:51:20";"2026-02-01 00:51:20"
11714;16;"Ouro Preto";50;181;"Camarão Cinza 1kg";10;12;22;25.000;64.00;Entrada;kg;"2026-02-24 16:45:04";"2026-02-24 16:45:04"
11385;16;"Ouro Preto";66;154;Cebola;4;6;71;1.500;3.29;Entrada;kg;"2026-02-16 09:35:16";"2026-02-16 09:35:16"
11894;16;"Ouro Preto";65;126;"Cebola Roxa";4;6;71;0.700;5.95;Entrada;kg;"2026-02-27 15:42:28";"2026-02-27 15:42:28"
12951;16;"Ouro Preto";65;126;"Cebola Roxa";4;6;71;0.588;8.98;Entrada;kg;"2026-03-30 16:53:47";"2026-03-30 16:53:47"
12729;16;"Ouro Preto";71;128;Cenoura;4;6;71;0.641;8.98;Entrada;kg;"2026-03-24 14:17:58";"2026-03-24 14:17:58"
12952;16;"Ouro Preto";71;128;Cenoura;4;6;71;2.016;6.98;Entrada;kg;"2026-03-30 16:53:47";"2026-03-30 16:53:47"
12992;16;"Ouro Preto";71;128;Cenoura;4;6;71;4.314;6.98;Entrada;kg;"2026-03-31 14:05:02";"2026-03-31 14:05:02"
12713;16;"Ouro Preto";74;129;Chuchu;4;6;71;1.540;5.45;Entrada;kg;"2026-03-24 14:11:31";"2026-03-24 14:11:31"
11580;16;"Ouro Preto";85;99;"Coca Cola 1L";15;6;71;24.000;3.79;Entrada;unidade;"2026-02-20 16:09:56";"2026-02-20 16:09:56"
11409;16;"Ouro Preto";101;95;"Coca Cola Lata";15;6;71;35.000;3.75;Entrada;unidade;"2026-02-16 09:40:34";"2026-02-16 09:40:34"
11579;16;"Ouro Preto";101;95;"Coca Cola Lata";15;6;71;42.000;3.58;Entrada;unidade;"2026-02-20 16:09:56";"2026-02-20 16:09:56"
11741;16;"Ouro Preto";101;95;"Coca Cola Lata";15;6;71;24.000;3.79;Entrada;unidade;"2026-02-25 09:32:01";"2026-02-25 09:32:01"
11760;16;"Ouro Preto";101;95;"Coca Cola Lata";15;6;71;36.000;3.58;Entrada;unidade;"2026-02-25 09:39:35";"2026-02-25 09:39:35"
12317;16;"Ouro Preto";101;95;"Coca Cola Lata";15;6;71;72.000;3.58;Entrada;unidade;"2026-03-12 11:17:56";"2026-03-12 11:17:56"
12996;16;"Ouro Preto";101;95;"Coca Cola Lata";15;6;71;72.000;3.58;Entrada;unidade;"2026-03-31 14:05:02";"2026-03-31 14:05:02"
10863;16;"Ouro Preto";73;155;"Couve Flor";4;6;22;0.002;36.00;Entrada;kg;"2026-01-28 15:53:51";"2026-01-28 15:53:51"
12957;16;"Ouro Preto";43;156;"Couve Maço";4;6;71;30.000;3.98;Entrada;unidade;"2026-03-30 16:54:26";"2026-03-30 16:54:26"
12403;16;"Ouro Preto";22;75;"Cream Cheese Polenghi 1.5kg";16;4;22;10.000;64.99;Entrada;unidade;"2026-03-15 21:14:01";"2026-03-15 21:14:01"
12638;16;"Ouro Preto";22;75;"Cream Cheese Polenghi 1.5kg";16;4;22;25.000;64.99;Entrada;unidade;"2026-03-21 12:10:35";"2026-03-21 12:10:35"
12894;16;"Ouro Preto";22;75;"Cream Cheese Polenghi 1.5kg";16;4;22;16.000;64.99;Entrada;unidade;"2026-03-28 19:18:41";"2026-03-28 19:18:41"
5255;16;"Ouro Preto";110;217;"Embalagem G (500 unid.)";17;8;22;1697.000;1.36;Entrada;unidade;"2025-08-08 13:53:46";"2025-08-08 13:53:46"
7583;16;"Ouro Preto";130;192;"Embalagem G640D";11;6;22;100.000;0.33;Entrada;unidade;"2025-10-22 18:20:16";"2025-10-22 18:20:16"
2661;16;"Ouro Preto";89;223;"Embalagem Gaveta (200 unid.)";17;8;22;350.000;2.61;Entrada;unidade;"2025-05-13 14:49:44";"2025-05-13 14:49:44"
12908;16;"Ouro Preto";89;223;"Embalagem Gaveta (200 unid.)";17;8;22;1200.000;2.71;Entrada;unidade;"2026-03-28 19:23:34";"2026-03-28 19:23:34"
11107;16;"Ouro Preto";109;220;"Embalagem M  (500 unid.)";17;8;22;722.000;1.36;Entrada;unidade;"2026-02-04 16:28:26";"2026-02-04 16:28:26"
8791;16;"Ouro Preto";114;224;"Embalagem P (700 unid.)";17;8;22;451.000;0.71;Entrada;unidade;"2025-11-26 19:06:56";"2025-11-26 19:06:56"
7551;16;"Ouro Preto";133;194;"Embalagem para Molho";11;6;22;1000.000;0.15;Entrada;unidade;"2025-10-22 05:45:49";"2025-10-22 05:45:49"
5254;16;"Ouro Preto";108;197;"Embalagem Poke G 750 mls (caixa com 200 unidades, base e tampa)";11;10;22;1100.000;1.91;Entrada;unidade;"2025-08-08 13:51:02";"2025-08-08 13:51:02"
10987;16;"Ouro Preto";107;200;"Embalagem Poke P 540mls (caixa com 200 unidades, base e tampa)";11;10;22;600.000;1.46;Entrada;unidade;"2026-01-30 16:43:21";"2026-01-30 16:43:21"
5256;16;"Ouro Preto";88;222;"Embalagem Yakisoba (500 unid.)";17;8;22;1004.000;1.65;Entrada;unidade;"2025-08-08 13:53:46";"2025-08-08 13:53:46"
2262;16;"Ouro Preto";127;150;"Esteira de Bambu";5;4;22;3.000;19.90;Entrada;unidade;"2025-04-30 18:13:39";"2025-04-30 18:13:39"
6021;16;"Ouro Preto";127;150;"Esteira de Bambu";5;4;22;2.000;19.90;Entrada;unidade;"2025-09-04 14:29:49";"2025-09-04 14:29:49"
9406;16;"Ouro Preto";127;150;"Esteira de Bambu";5;4;22;2.000;19.90;Entrada;unidade;"2025-12-13 21:51:28";"2025-12-13 21:51:28"
11918;16;"Ouro Preto";127;150;"Esteira de Bambu";5;4;22;2.000;19.90;Entrada;unidade;"2026-02-27 23:30:24";"2026-02-27 23:30:24"
12776;16;"Ouro Preto";90;106;"Farinha de Trigo  1kg";3;6;71;8.000;3.65;Entrada;unidade;"2026-03-26 11:18:48";"2026-03-26 11:18:48"
12639;16;"Ouro Preto";14;142;"Farinha Panko Alfa 1kg";16;4;22;10.000;19.90;Entrada;unidade;"2026-03-21 12:10:35";"2026-03-21 12:10:35"
12895;16;"Ouro Preto";14;142;"Farinha Panko Alfa 1kg";16;4;22;10.000;19.90;Entrada;unidade;"2026-03-28 19:18:41";"2026-03-28 19:18:41"
13116;16;"Ouro Preto";14;142;"Farinha Panko Alfa 1kg";16;4;22;10.000;19.90;Entrada;unidade;"2026-04-05 21:09:17";"2026-04-05 21:09:17"
12716;16;"Ouro Preto";41;160;"Filé de Peito de Frango";1;6;71;0.584;18.80;Entrada;kg;"2026-03-24 14:11:31";"2026-03-24 14:11:31"
12717;16;"Ouro Preto";41;160;"Filé de Peito de Frango";1;6;71;1.422;18.80;Entrada;kg;"2026-03-24 14:11:31";"2026-03-24 14:11:31"
12720;16;"Ouro Preto";41;160;"Filé de Peito de Frango";1;6;71;0.944;10.81;Entrada;kg;"2026-03-24 14:11:31";"2026-03-24 14:11:31"
5659;16;"Ouro Preto";158;209;"Flor de Sal 1kg";14;4;22;1.000;37.33;Entrada;unidade;"2025-08-22 16:05:52";"2025-08-22 16:05:52"
11161;16;"Ouro Preto";158;209;"Flor de Sal 1kg";14;4;22;1.000;37.33;Entrada;unidade;"2026-02-05 15:50:44";"2026-02-05 15:50:44"
11612;16;"Ouro Preto";24;76;"Gás Butano 227g";5;4;22;2.000;16.40;Entrada;unidade;"2026-02-20 23:28:05";"2026-02-20 23:28:05"
12640;16;"Ouro Preto";21;85;"Gengibre Maki 1kg";16;4;22;9.000;16.90;Entrada;unidade;"2026-03-21 12:10:35";"2026-03-21 12:10:35"
12896;16;"Ouro Preto";21;85;"Gengibre Maki 1kg";16;4;22;4.000;16.90;Entrada;unidade;"2026-03-28 19:18:41";"2026-03-28 19:18:41"
12732;16;"Ouro Preto";75;163;"Gengibre Raiz";4;6;71;0.370;23.81;Entrada;kg;"2026-03-24 14:17:58";"2026-03-24 14:17:58"
12994;16;"Ouro Preto";75;163;"Gengibre Raiz";4;6;71;1.062;17.75;Entrada;kg;"2026-03-31 14:05:02";"2026-03-31 14:05:02"
11921;16;"Ouro Preto";27;143;"Gergelim Branco 1kg";16;4;22;1.000;26.90;Entrada;unidade;"2026-02-27 23:30:24";"2026-02-27 23:30:24"
11922;16;"Ouro Preto";26;145;"Gergelim Preto 1kg";16;4;22;1.000;35.90;Entrada;unidade;"2026-02-27 23:30:24";"2026-02-27 23:30:24"
11615;16;"Ouro Preto";11;212;"Glutamato Taichi 1kg";14;4;22;1.000;32.90;Entrada;unidade;"2026-02-20 23:28:05";"2026-02-20 23:28:05"
12130;16;"Ouro Preto";11;212;"Glutamato Taichi 1kg";14;4;22;1.000;32.90;Entrada;unidade;"2026-03-07 17:19:17";"2026-03-07 17:19:17"
12897;16;"Ouro Preto";11;212;"Glutamato Taichi 1kg";14;4;22;1.000;32.90;Entrada;unidade;"2026-03-28 19:18:41";"2026-03-28 19:18:41"
13117;16;"Ouro Preto";11;212;"Glutamato Taichi 1kg";14;4;22;1.000;32.90;Entrada;unidade;"2026-04-05 21:09:17";"2026-04-05 21:09:17"
11713;16;"Ouro Preto";111;187;"Hashi Taiksu";11;11;22;5120.000;0.23;Entrada;unidade;"2026-02-24 16:39:41";"2026-02-24 16:39:41"
12137;16;"Ouro Preto";20;208;"Hondashi Ajinomoto 500g";14;4;22;1.000;59.90;Entrada;unidade;"2026-03-07 17:21:57";"2026-03-07 17:21:57"
12649;16;"Ouro Preto";20;208;"Hondashi Ajinomoto 500g";14;4;22;4.000;59.90;Entrada;unidade;"2026-03-21 12:10:35";"2026-03-21 12:10:35"
13123;16;"Ouro Preto";20;208;"Hondashi Ajinomoto 500g";14;4;22;1.000;59.90;Entrada;unidade;"2026-04-05 21:09:17";"2026-04-05 21:09:17"
12652;16;"Ouro Preto";105;182;"Kani Kama Foods 1KG";10;4;22;1.000;37.90;Entrada;kg;"2026-03-21 12:11:07";"2026-03-21 12:11:07"
13118;16;"Ouro Preto";105;182;"Kani Kama Foods 1KG";10;4;22;1.000;37.90;Entrada;kg;"2026-04-05 21:09:17";"2026-04-05 21:09:17"
12329;16;"Ouro Preto";76;164;Laranja;4;6;71;1.104;4.98;Entrada;kg;"2026-03-12 11:24:11";"2026-03-12 11:24:11"
12954;16;"Ouro Preto";76;164;Laranja;4;6;71;1.148;4.98;Entrada;kg;"2026-03-30 16:53:47";"2026-03-30 16:53:47"
12733;16;"Ouro Preto";77;91;"Limão Taiti";4;6;71;0.370;4.99;Entrada;kg;"2026-03-24 14:17:58";"2026-03-24 14:17:58"
12955;16;"Ouro Preto";77;91;"Limão Taiti";4;6;71;0.830;3.67;Entrada;kg;"2026-03-30 16:53:47";"2026-03-30 16:53:47"
1482;16;"Ouro Preto";152;151;"Maçarico Maki";5;4;22;1.000;54.90;Entrada;unidade;"2025-04-02 12:24:51";"2025-04-02 12:24:51"
12352;16;"Ouro Preto";15;213;"Macarrão Yakisoba Premium Alfa 500g";16;4;22;8.000;10.90;Entrada;unidade;"2026-03-12 22:53:56";"2026-03-12 22:53:56"
12642;16;"Ouro Preto";15;213;"Macarrão Yakisoba Premium Alfa 500g";16;4;22;15.000;10.90;Entrada;unidade;"2026-03-21 12:10:35";"2026-03-21 12:10:35"
12898;16;"Ouro Preto";15;213;"Macarrão Yakisoba Premium Alfa 500g";16;4;22;10.000;10.90;Entrada;unidade;"2026-03-28 19:18:41";"2026-03-28 19:18:41"
13119;16;"Ouro Preto";15;213;"Macarrão Yakisoba Premium Alfa 500g";16;4;22;10.000;10.90;Entrada;unidade;"2026-04-05 21:09:17";"2026-04-05 21:09:17"
12643;16;"Ouro Preto";33;133;"Maionese Kiwpie 450g";16;4;22;1.000;94.50;Entrada;unidade;"2026-03-21 12:10:35";"2026-03-21 12:10:35"
12316;16;"Ouro Preto";96;102;"Manteiga 500g";3;6;71;2.000;19.98;Entrada;unidade;"2026-03-12 11:17:56";"2026-03-12 11:17:56"
12331;16;"Ouro Preto";96;102;"Manteiga 500g";3;6;71;2.000;16.95;Entrada;unidade;"2026-03-12 11:24:11";"2026-03-12 11:24:11"
12718;16;"Ouro Preto";96;102;"Manteiga 500g";3;6;71;3.000;22.35;Entrada;unidade;"2026-03-24 14:11:31";"2026-03-24 14:11:31"
12995;16;"Ouro Preto";96;102;"Manteiga 500g";3;6;71;3.000;18.80;Entrada;unidade;"2026-03-31 14:05:02";"2026-03-31 14:05:02"
1483;16;"Ouro Preto";151;107;"Moedor de Gergelim";5;4;22;2.000;49.90;Entrada;unidade;"2025-04-02 12:24:51";"2025-04-02 12:24:51"
5818;16;"Ouro Preto";151;107;"Moedor de Gergelim";5;4;22;1.000;49.90;Entrada;unidade;"2025-08-29 05:22:03";"2025-08-29 05:22:03"
7441;16;"Ouro Preto";151;107;"Moedor de Gergelim";5;4;22;1.000;49.90;Entrada;unidade;"2025-10-18 14:49:59";"2025-10-18 14:49:59"
11924;16;"Ouro Preto";151;107;"Moedor de Gergelim";5;4;22;2.000;49.90;Entrada;unidade;"2026-02-27 23:30:24";"2026-02-27 23:30:24"
7299;16;"Ouro Preto";82;166;Morango;4;6;23;1.002;18.66;Entrada;kg;"2025-10-14 12:52:32";"2025-10-14 12:52:32"
8246;16;"Ouro Preto";82;166;Morango;4;6;23;1.002;19.71;Entrada;kg;"2025-11-12 16:47:53";"2025-11-12 16:47:53"
10627;16;"Ouro Preto";82;166;Morango;4;6;23;1.002;18.91;Entrada;kg;"2026-01-20 15:20:00";"2026-01-20 15:20:00"
11749;16;"Ouro Preto";82;166;Morango;4;6;71;1.002;12.95;Entrada;kg;"2026-02-25 09:35:49";"2026-02-25 09:35:49"
11618;16;"Ouro Preto";37;118;"Óleo de Gergelim Torrado Hong Kong 1L";7;4;22;1.000;94.50;Entrada;unidade;"2026-02-20 23:28:05";"2026-02-20 23:28:05"
12901;16;"Ouro Preto";37;118;"Óleo de Gergelim Torrado Hong Kong 1L";7;4;22;2.000;94.50;Entrada;unidade;"2026-03-28 19:18:41";"2026-03-28 19:18:41"
11765;16;"Ouro Preto";93;119;"Óleo de Soja 900ml";7;6;71;12.000;6.75;Entrada;unidade;"2026-02-25 16:45:52";"2026-02-25 16:45:52"
12719;16;"Ouro Preto";93;119;"Óleo de Soja 900ml";7;6;71;40.000;7.99;Entrada;unidade;"2026-03-24 14:11:31";"2026-03-24 14:11:31"
12725;16;"Ouro Preto";93;119;"Óleo de Soja 900ml";7;6;71;4.000;6.69;Entrada;unidade;"2026-03-24 14:14:58";"2026-03-24 14:14:58"
12709;16;"Ouro Preto";40;161;"Patinho Bovino";1;6;71;2.950;35.80;Entrada;kg;"2026-03-24 14:11:30";"2026-03-24 14:11:30"
12906;16;"Ouro Preto";59;167;Pepino;4;6;22;9.312;6.31;Entrada;kg;"2026-03-28 19:20:39";"2026-03-28 19:20:39"
3899;16;"Ouro Preto";78;168;"Pimenta Dedo de Moça";4;6;23;0.001;37.02;Entrada;kg;"2025-06-23 05:44:18";"2025-06-23 05:44:18"
11393;16;"Ouro Preto";67;169;"Pimentão Amarelo";4;6;71;0.363;20.03;Entrada;kg;"2026-02-16 09:35:16";"2026-02-16 09:35:16"
11750;16;"Ouro Preto";67;169;"Pimentão Amarelo";4;6;71;0.626;29.50;Entrada;kg;"2026-02-25 09:35:49";"2026-02-25 09:35:49"
12734;16;"Ouro Preto";67;169;"Pimentão Amarelo";4;6;71;0.982;23.30;Entrada;kg;"2026-03-24 14:17:58";"2026-03-24 14:17:58"
12724;16;"Ouro Preto";70;170;"Repolho Roxo";4;6;71;0.649;11.95;Entrada;kg;"2026-03-24 14:11:31";"2026-03-24 14:11:31"
12998;16;"Ouro Preto";70;170;"Repolho Roxo";4;6;71;2.590;12.70;Entrada;kg;"2026-03-31 14:05:02";"2026-03-31 14:05:02"
12722;16;"Ouro Preto";102;171;"Repolho Verde";4;6;71;0.650;6.98;Entrada;kg;"2026-03-24 14:11:31";"2026-03-24 14:11:31"
12997;16;"Ouro Preto";102;171;"Repolho Verde";4;6;71;2.272;7.98;Entrada;kg;"2026-03-31 14:05:02";"2026-03-31 14:05:02"
10191;16;"Ouro Preto";121;202;"Sacola Kraft G (400 unid)";11;13;22;2200.000;0.99;Entrada;unidade;"2026-01-06 23:44:37";"2026-01-06 23:44:37"
10192;16;"Ouro Preto";137;204;"Sacola Kraft P (600 unid)";11;13;22;1200.000;0.62;Entrada;unidade;"2026-01-06 23:44:37";"2026-01-06 23:44:37"
12956;16;"Ouro Preto";29;79;"Sal Branco 1kg";14;6;71;4.000;2.85;Entrada;unidade;"2026-03-30 16:53:47";"2026-03-30 16:53:47"
10120;16;"Ouro Preto";103;103;"Sal Grosso";3;6;23;3.000;3.85;Entrada;unidade;"2026-01-06 14:46:28";"2026-01-06 14:46:28"
12891;16;"Ouro Preto";84;159;"Salmão limpo";13;1;22;3.153;71.56;Entrada;kg;"2026-03-28 19:06:51";"2026-03-28 19:06:51"
12892;16;"Ouro Preto";84;159;"Salmão limpo";13;3;22;20.038;75.63;Entrada;kg;"2026-03-28 19:08:30";"2026-03-28 19:08:30"
12647;16;"Ouro Preto";28;175;"Saquê Licoroso Mirin Azuma 5L";6;4;22;5.000;139.90;Entrada;unidade;"2026-03-21 12:10:35";"2026-03-21 12:10:35"
13121;16;"Ouro Preto";28;175;"Saquê Licoroso Mirin Azuma 5L";6;4;22;2.000;139.90;Entrada;unidade;"2026-04-05 21:09:17";"2026-04-05 21:09:17"
12354;16;"Ouro Preto";34;113;"Shoyu Mitsuwa 20L";6;4;22;1.000;164.90;Entrada;unidade;"2026-03-12 22:53:56";"2026-03-12 22:53:56"
12645;16;"Ouro Preto";34;113;"Shoyu Mitsuwa 20L";6;4;22;1.000;164.90;Entrada;unidade;"2026-03-21 12:10:35";"2026-03-21 12:10:35"
12644;16;"Ouro Preto";35;114;"Shoyu Mitsuwa 250 Unid.";6;4;22;8.000;36.90;Entrada;unidade;"2026-03-21 12:10:35";"2026-03-21 12:10:35"
12899;16;"Ouro Preto";35;114;"Shoyu Mitsuwa 250 Unid.";6;4;22;4.000;36.90;Entrada;unidade;"2026-03-28 19:18:41";"2026-03-28 19:18:41"
13120;16;"Ouro Preto";35;114;"Shoyu Mitsuwa 250 Unid.";6;4;22;4.000;37.90;Entrada;unidade;"2026-04-05 21:09:17";"2026-04-05 21:09:17"
11761;16;"Ouro Preto";162;98;"Sprite 0 Açúcar";15;6;71;18.000;3.19;Entrada;unidade;"2026-02-25 09:39:35";"2026-02-25 09:39:35"
4717;16;"Ouro Preto";86;81;"Sprite Lata";15;6;23;10.000;2.99;Entrada;unidade;"2025-07-21 05:24:20";"2025-07-21 05:24:20"
7304;16;"Ouro Preto";86;81;"Sprite Lata";15;6;23;12.000;2.79;Entrada;unidade;"2025-10-14 12:52:32";"2025-10-14 12:52:32"
9458;16;"Ouro Preto";86;81;"Sprite Lata";15;6;23;24.000;3.19;Entrada;unidade;"2025-12-16 15:25:11";"2025-12-16 15:25:11"
10123;16;"Ouro Preto";86;81;"Sprite Lata";15;6;23;36.000;3.19;Entrada;unidade;"2026-01-06 14:50:32";"2026-01-06 14:50:32"
12648;16;"Ouro Preto";32;116;"Sweet Chilli Pantai 4,5L";6;4;22;1.000;189.90;Entrada;unidade;"2026-03-21 12:10:35";"2026-03-21 12:10:35"
12902;16;"Ouro Preto";32;116;"Sweet Chilli Pantai 4,5L";6;4;22;1.000;189.90;Entrada;unidade;"2026-03-28 19:18:41";"2026-03-28 19:18:41"
13122;16;"Ouro Preto";32;116;"Sweet Chilli Pantai 4,5L";6;4;22;1.000;189.90;Entrada;unidade;"2026-04-05 21:09:17";"2026-04-05 21:09:17"
12735;16;"Ouro Preto";63;172;"Tomate Cereja";4;6;71;2.000;4.98;Entrada;unidade;"2026-03-24 14:17:58";"2026-03-24 14:17:58"
12999;16;"Ouro Preto";63;172;"Tomate Cereja";4;6;71;2.000;6.85;Entrada;unidade;"2026-03-31 14:05:02";"2026-03-31 14:05:02"
10105;16;"Ouro Preto";94;94;"Vinagre 750ml";14;6;23;1.000;14.55;Entrada;unidade;"2026-01-06 14:29:31";"2026-01-06 14:29:31"
10642;16;"Ouro Preto";94;94;"Vinagre 750ml";14;6;23;3.000;14.55;Entrada;unidade;"2026-01-20 15:23:47";"2026-01-20 15:23:47"
12650;16;"Ouro Preto";30;216;"Vinagre Castelo 20L";14;4;22;1.000;129.90;Entrada;unidade;"2026-03-21 12:10:35";"2026-03-21 12:10:35"
12903;16;"Ouro Preto";30;216;"Vinagre Castelo 20L";14;4;22;1.000;129.90;Entrada;unidade;"2026-03-28 19:18:41";"2026-03-28 19:18:41"
12651;16;"Ouro Preto";16;82;"Wasabi Maki 1kg";16;4;22;1.000;54.90;Entrada;unidade;"2026-03-21 12:10:35";"2026-03-21 12:10:35"
12904;16;"Ouro Preto";16;82;"Wasabi Maki 1kg";16;4;22;1.000;54.90;Entrada;unidade;"2026-03-28 19:18:41";"2026-03-28 19:18:41"
12028;23;Ariquemes;97;74;"Açúcar Branco 2kg";3;6;119;10.000;48.90;Entrada;unidade;"2026-03-04 16:03:57";"2026-03-04 16:03:57"
12544;23;Ariquemes;97;74;"Açúcar Branco 2kg";3;6;119;20.000;4.89;Entrada;unidade;"2026-03-18 16:42:16";"2026-03-18 16:42:16"
13046;23;Ariquemes;97;74;"Açúcar Branco 2kg";3;6;119;10.000;4.78;Entrada;unidade;"2026-04-02 15:41:34";"2026-04-02 15:41:34"
13245;23;Ariquemes;97;74;"Açúcar Branco 2kg";3;6;119;10.000;4.78;Entrada;unidade;"2026-04-09 23:08:34";"2026-04-09 23:08:34"
695;23;Ariquemes;98;96;"Água C/ Gás";15;6;32;6.000;2.50;Entrada;unidade;"2025-03-05 12:35:36";"2025-03-05 12:35:36"
12121;23;Ariquemes;98;96;"Água C/ Gás";15;6;119;2.000;20.28;Entrada;unidade;"2026-03-07 16:28:11";"2026-03-07 16:28:11"
12680;23;Ariquemes;98;96;"Água C/ Gás";15;6;119;2.000;20.28;Entrada;unidade;"2026-03-22 15:51:00";"2026-03-22 15:51:00"
696;23;Ariquemes;113;131;"Água Tônica";15;6;32;4.000;3.50;Entrada;unidade;"2025-03-05 12:35:36";"2025-03-05 12:35:36"
12123;23;Ariquemes;113;131;"Água Tônica";15;6;119;1.000;44.16;Entrada;unidade;"2026-03-07 16:28:11";"2026-03-07 16:28:11"
683;23;Ariquemes;18;83;"Alga Nori Gold Maki 140g";16;4;32;19.000;38.90;Entrada;unidade;"2025-03-05 12:28:52";"2026-03-03 11:16:02"
12029;23;Ariquemes;68;123;Alho;4;6;119;1.002;26.75;Entrada;kg;"2026-03-04 16:03:57";"2026-03-04 16:03:57"
12030;23;Ariquemes;42;124;"Alho Poró";4;6;119;1.942;27.65;Entrada;kg;"2026-03-04 16:03:57";"2026-03-04 16:03:57"
12337;23;Ariquemes;42;124;"Alho Poró";4;6;119;2.708;27.65;Entrada;kg;"2026-03-12 15:54:44";"2026-03-12 15:54:44"
12867;23;Ariquemes;42;124;"Alho Poró";4;6;119;2.680;28.45;Entrada;kg;"2026-03-27 16:41:53";"2026-03-27 16:41:53"
13094;23;Ariquemes;42;124;"Alho Poró";4;6;119;0.798;28.80;Entrada;kg;"2026-04-04 16:22:34";"2026-04-04 16:22:34"
690;23;Ariquemes;23;136;"Amêndoa Laminada Osara 1kg";16;4;32;1.000;64.90;Entrada;unidade;"2025-03-05 12:28:52";"2026-03-03 11:17:24"
12383;23;Ariquemes;23;136;"Amêndoa Laminada Osara 1kg";16;4;119;1.000;99.90;Entrada;unidade;"2026-03-14 15:46:28";"2026-03-14 15:46:28"
12742;23;Ariquemes;23;136;"Amêndoa Laminada Osara 1kg";16;4;119;2.000;94.50;Entrada;unidade;"2026-03-24 16:16:33";"2026-03-24 16:16:33"
650;23;Ariquemes;132;104;"Amido de Milho 1Kg";3;6;32;3.000;11.00;Entrada;unidade;"2025-03-05 12:04:53";"2026-03-03 11:26:41"
13246;23;Ariquemes;132;104;"Amido de Milho 1Kg";3;6;119;5.000;4.55;Entrada;unidade;"2026-04-09 23:08:34";"2026-04-09 23:08:34"
12545;23;Ariquemes;91;94;"Amido de Milho 500g";3;6;119;3.000;9.55;Entrada;unidade;"2026-03-18 16:42:16";"2026-03-18 16:42:16"
682;23;Ariquemes;12;84;"Arroz Minami Mai Curto 5kg";16;4;32;10.000;69.90;Entrada;unidade;"2025-03-05 12:28:52";"2026-03-03 11:03:57"
12384;23;Ariquemes;12;84;"Arroz Minami Mai Curto 5kg";16;4;119;9.000;64.90;Entrada;unidade;"2026-03-14 15:46:28";"2026-03-14 15:46:28"
12534;23;Ariquemes;12;84;"Arroz Minami Mai Curto 5kg";16;4;119;6.000;64.90;Entrada;unidade;"2026-03-17 23:18:56";"2026-03-17 23:18:56"
651;23;Ariquemes;61;173;"Batata Doce";4;6;32;0.280;1.54;Entrada;kg;"2025-03-05 12:04:53";"2026-03-03 11:21:59"
12031;23;Ariquemes;61;173;"Batata Doce";4;6;119;1.770;7.98;Entrada;kg;"2026-03-04 16:03:57";"2026-03-04 16:03:57"
13247;23;Ariquemes;61;173;"Batata Doce";4;6;119;0.634;10.03;Entrada;kg;"2026-04-09 23:08:34";"2026-04-09 23:08:34"
652;23;Ariquemes;72;125;Brócolis;4;6;32;1.500;5.91;Entrada;kg;"2025-03-05 12:04:53";"2026-03-03 11:22:10"
12046;23;Ariquemes;72;125;Brócolis;4;6;119;4.500;22.67;Entrada;kg;"2026-03-04 16:03:57";"2026-03-04 16:03:57"
12395;23;Ariquemes;72;125;Brócolis;4;6;119;3.600;18.17;Entrada;kg;"2026-03-15 15:39:09";"2026-03-15 15:39:09"
12601;23;Ariquemes;72;125;Brócolis;4;6;119;6.000;18.17;Entrada;kg;"2026-03-20 15:47:12";"2026-03-20 15:47:12"
13248;23;Ariquemes;72;125;Brócolis;4;6;119;3.300;22.50;Entrada;kg;"2026-04-09 23:08:34";"2026-04-09 23:08:34"
13249;23;Ariquemes;72;125;Brócolis;4;6;119;6.000;1.82;Entrada;kg;"2026-04-09 23:08:34";"2026-04-09 23:08:34"
675;23;Ariquemes;50;181;"Camarão Cinza 1kg";10;6;32;16.742;80.00;Entrada;unidade;"2025-03-05 12:04:53";"2026-03-03 11:24:17"
12032;23;Ariquemes;66;154;Cebola;4;6;119;1.208;3.29;Entrada;kg;"2026-03-04 16:03:57";"2026-03-04 16:03:57"
12396;23;Ariquemes;66;154;Cebola;4;6;119;0.774;3.70;Entrada;kg;"2026-03-15 15:39:09";"2026-03-15 15:39:09"
12548;23;Ariquemes;66;154;Cebola;4;6;119;0.986;5.99;Entrada;kg;"2026-03-18 16:42:16";"2026-03-18 16:42:16"
655;23;Ariquemes;65;126;"Cebola Roxa";4;6;32;1.432;2.17;Entrada;kg;"2025-03-05 12:04:53";"2026-03-03 11:22:32"
12547;23;Ariquemes;65;126;"Cebola Roxa";4;6;119;0.950;8.75;Entrada;kg;"2026-03-18 16:42:16";"2026-03-18 16:42:16"
12869;23;Ariquemes;65;126;"Cebola Roxa";4;6;119;1.036;8.98;Entrada;kg;"2026-03-27 16:41:53";"2026-03-27 16:41:53"
656;23;Ariquemes;71;128;Cenoura;4;6;32;2.470;0.88;Entrada;kg;"2025-03-05 12:04:53";"2026-03-03 11:22:47"
12033;23;Ariquemes;71;128;Cenoura;4;6;119;4.450;5.48;Entrada;kg;"2026-03-04 16:03:57";"2026-03-04 16:03:57"
12397;23;Ariquemes;71;128;Cenoura;4;6;119;2.314;8.98;Entrada;kg;"2026-03-15 15:39:09";"2026-03-15 15:39:09"
12602;23;Ariquemes;71;128;Cenoura;4;6;119;3.088;8.98;Entrada;kg;"2026-03-20 15:47:12";"2026-03-20 15:47:12"
12684;23;Ariquemes;71;128;Cenoura;4;6;119;2.328;8.98;Entrada;kg;"2026-03-22 15:51:00";"2026-03-22 15:51:00"
12886;23;Ariquemes;71;128;Cenoura;4;6;119;2.364;8.38;Entrada;kg;"2026-03-28 15:52:01";"2026-03-28 15:52:01"
13251;23;Ariquemes;71;128;Cenoura;4;6;119;2.194;4.09;Entrada;kg;"2026-04-09 23:08:34";"2026-04-09 23:08:34"
12034;23;Ariquemes;100;100;"Cheiro Verde";4;6;119;3.000;10.05;Entrada;unidade;"2026-03-04 16:03:57";"2026-03-04 16:03:57"
12549;23;Ariquemes;100;100;"Cheiro Verde";4;6;119;2.000;3.35;Entrada;unidade;"2026-03-18 16:42:16";"2026-03-18 16:42:16"
12677;23;Ariquemes;100;100;"Cheiro Verde";4;6;119;2.000;4.80;Entrada;unidade;"2026-03-22 15:51:00";"2026-03-22 15:51:00"
12678;23;Ariquemes;100;100;"Cheiro Verde";4;6;119;1.000;3.35;Entrada;unidade;"2026-03-22 15:51:00";"2026-03-22 15:51:00"
12741;23;Ariquemes;100;100;"Cheiro Verde";4;6;119;2.000;3.35;Entrada;unidade;"2026-03-24 15:54:33";"2026-03-24 15:54:33"
12870;23;Ariquemes;100;100;"Cheiro Verde";4;6;119;2.000;3.35;Entrada;unidade;"2026-03-27 16:41:53";"2026-03-27 16:41:53"
12887;23;Ariquemes;100;100;"Cheiro Verde";4;6;119;2.000;3.35;Entrada;unidade;"2026-03-28 15:52:01";"2026-03-28 15:52:01"
13048;23;Ariquemes;100;100;"Cheiro Verde";4;6;119;2.000;3.35;Entrada;unidade;"2026-04-02 15:41:35";"2026-04-02 15:41:35"
13095;23;Ariquemes;100;100;"Cheiro Verde";4;6;119;2.000;3.35;Entrada;unidade;"2026-04-04 16:22:34";"2026-04-04 16:22:34"
13252;23;Ariquemes;100;100;"Cheiro Verde";4;6;119;2.000;3.35;Entrada;unidade;"2026-04-09 23:08:34";"2026-04-09 23:08:34"
658;23;Ariquemes;74;129;Chuchu;4;6;32;1.750;3.00;Entrada;kg;"2025-03-05 12:04:53";"2026-03-03 11:22:58"
692;23;Ariquemes;101;95;"Coca Cola Lata";15;6;32;24.000;3.50;Entrada;unidade;"2025-03-05 12:35:36";"2025-03-05 12:35:36"
12044;23;Ariquemes;101;95;"Coca Cola Lata";15;6;119;16.000;343.84;Entrada;unidade;"2026-03-04 16:03:57";"2026-03-04 16:03:57"
12119;23;Ariquemes;101;95;"Coca Cola Lata";15;6;119;8.000;21.49;Entrada;unidade;"2026-03-07 16:28:11";"2026-03-07 16:28:11"
12603;23;Ariquemes;101;95;"Coca Cola Lata";15;6;119;15.000;21.49;Entrada;unidade;"2026-03-20 15:47:12";"2026-03-20 15:47:12"
12739;23;Ariquemes;101;95;"Coca Cola Lata";15;6;119;11.000;33.48;Entrada;unidade;"2026-03-24 15:54:33";"2026-03-24 15:54:33"
13260;23;Ariquemes;101;95;"Coca Cola Lata";15;6;119;15.000;21.49;Entrada;unidade;"2026-04-09 23:08:34";"2026-04-09 23:08:34"
693;23;Ariquemes;87;80;"Coca Cola Zero Lata";15;6;32;26.000;3.50;Entrada;unidade;"2025-03-05 12:35:36";"2025-03-05 12:35:36"
12105;23;Ariquemes;87;80;"Coca Cola Zero Lata";15;6;119;3.000;64.47;Entrada;unidade;"2026-03-06 17:56:14";"2026-03-06 17:56:14"
12120;23;Ariquemes;87;80;"Coca Cola Zero Lata";15;6;119;17.000;21.49;Entrada;unidade;"2026-03-07 16:28:11";"2026-03-07 16:28:11"
12682;23;Ariquemes;87;80;"Coca Cola Zero Lata";15;6;119;3.000;45.48;Entrada;unidade;"2026-03-22 15:51:00";"2026-03-22 15:51:00"
13012;23;Ariquemes;87;80;"Coca Cola Zero Lata";15;6;119;6.000;21.49;Entrada;unidade;"2026-03-31 17:00:29";"2026-03-31 17:00:29"
13097;23;Ariquemes;87;80;"Coca Cola Zero Lata";15;6;119;5.000;21.49;Entrada;unidade;"2026-04-04 16:22:34";"2026-04-04 16:22:34"
13261;23;Ariquemes;87;80;"Coca Cola Zero Lata";15;6;119;72.000;3.79;Entrada;unidade;"2026-04-09 23:08:34";"2026-04-09 23:08:34"
12550;23;Ariquemes;64;130;Coentro;4;6;119;2.000;3.35;Entrada;unidade;"2026-03-18 16:42:16";"2026-03-18 16:42:16"
13096;23;Ariquemes;64;130;Coentro;4;6;119;1.000;3.35;Entrada;unidade;"2026-04-04 16:22:34";"2026-04-04 16:22:34"
659;23;Ariquemes;73;155;"Couve Flor";4;6;32;4.500;6.40;Entrada;kg;"2025-03-05 12:04:53";"2026-03-03 11:23:24"
12048;23;Ariquemes;73;155;"Couve Flor";4;6;119;6.000;18.33;Entrada;kg;"2026-03-04 16:03:57";"2026-03-04 16:03:57"
12551;23;Ariquemes;73;155;"Couve Flor";4;6;119;5.100;18.33;Entrada;kg;"2026-03-18 16:42:16";"2026-03-18 16:42:16"
13253;23;Ariquemes;73;155;"Couve Flor";4;6;119;3.000;18.33;Entrada;kg;"2026-04-09 23:08:34";"2026-04-09 23:08:34"
12035;23;Ariquemes;43;156;"Couve Maço";4;6;119;10.000;33.50;Entrada;unidade;"2026-03-04 16:03:57";"2026-03-04 16:03:57"
12341;23;Ariquemes;43;156;"Couve Maço";4;6;119;16.000;3.35;Entrada;unidade;"2026-03-12 15:54:44";"2026-03-12 15:54:44"
12679;23;Ariquemes;43;156;"Couve Maço";4;6;119;4.000;5.99;Entrada;unidade;"2026-03-22 15:51:00";"2026-03-22 15:51:00"
12685;23;Ariquemes;43;156;"Couve Maço";4;6;119;10.000;3.35;Entrada;unidade;"2026-03-22 15:51:00";"2026-03-22 15:51:00"
13049;23;Ariquemes;43;156;"Couve Maço";4;6;119;6.000;3.35;Entrada;unidade;"2026-04-02 15:41:35";"2026-04-02 15:41:35"
13050;23;Ariquemes;43;156;"Couve Maço";4;6;119;9.000;3.35;Entrada;unidade;"2026-04-02 15:41:35";"2026-04-02 15:41:35"
13254;23;Ariquemes;43;156;"Couve Maço";4;6;119;11.000;3.35;Entrada;unidade;"2026-04-09 23:08:34";"2026-04-09 23:08:34"
12343;23;Ariquemes;57;139;"Cream Cheese Philadelphia 1.5kg";16;6;119;2.000;88.95;Entrada;unidade;"2026-03-12 18:31:43";"2026-03-12 18:31:43"
676;23;Ariquemes;22;75;"Cream Cheese Polenghi 1.5kg";16;6;32;4.000;59.99;Entrada;unidade;"2025-03-05 12:04:53";"2026-03-03 11:18:23"
12001;23;Ariquemes;22;75;"Cream Cheese Polenghi 1.5kg";16;4;119;16.000;64.99;Entrada;unidade;"2026-03-03 16:29:35";"2026-03-03 16:29:35"
12385;23;Ariquemes;22;75;"Cream Cheese Polenghi 1.5kg";16;4;119;20.000;64.99;Entrada;unidade;"2026-03-14 15:46:28";"2026-03-14 15:46:28"
12535;23;Ariquemes;22;75;"Cream Cheese Polenghi 1.5kg";16;4;119;16.000;64.99;Entrada;unidade;"2026-03-17 23:18:56";"2026-03-17 23:18:56"
12743;23;Ariquemes;22;75;"Cream Cheese Polenghi 1.5kg";16;4;119;20.000;64.99;Entrada;unidade;"2026-03-24 16:16:33";"2026-03-24 16:16:33"
642;23;Ariquemes;110;217;"Embalagem G (500 unid.)";17;8;32;3200.000;1.33;Entrada;unidade;"2025-03-05 10:47:39";"2025-03-05 10:47:39"
644;23;Ariquemes;89;223;"Embalagem Gaveta (200 unid.)";17;8;32;899.000;2.55;Entrada;unidade;"2025-03-05 10:47:39";"2025-03-05 10:47:39"
641;23;Ariquemes;109;220;"Embalagem M  (500 unid.)";17;8;32;2500.000;1.31;Entrada;unidade;"2025-03-05 10:47:39";"2025-03-05 10:47:39"
640;23;Ariquemes;114;224;"Embalagem P (700 unid.)";17;8;32;3400.000;0.71;Entrada;unidade;"2025-03-05 10:47:39";"2025-03-05 10:47:39"
648;23;Ariquemes;108;197;"Embalagem Poke G 750 mls (caixa com 200 unidades, base e tampa)";11;10;32;526.000;1.91;Entrada;unidade;"2025-03-05 11:09:12";"2025-03-05 11:09:12"
649;23;Ariquemes;107;200;"Embalagem Poke P 540mls (caixa com 200 unidades, base e tampa)";11;10;32;138.000;1.46;Entrada;unidade;"2025-03-05 11:09:12";"2025-03-05 11:09:12"
643;23;Ariquemes;88;222;"Embalagem Yakisoba (500 unid.)";17;8;32;799.000;1.65;Entrada;unidade;"2025-03-05 10:47:39";"2025-03-05 10:47:39"
12036;23;Ariquemes;90;106;"Farinha de Trigo  1kg";3;6;119;10.000;29.90;Entrada;unidade;"2026-03-04 16:03:57";"2026-03-04 16:03:57"
12552;23;Ariquemes;90;106;"Farinha de Trigo  1kg";3;6;119;10.000;3.65;Entrada;unidade;"2026-03-18 16:42:16";"2026-03-18 16:42:16"
13051;23;Ariquemes;90;106;"Farinha de Trigo  1kg";3;6;119;10.000;3.29;Entrada;unidade;"2026-04-02 15:41:35";"2026-04-02 15:41:35"
12002;23;Ariquemes;14;142;"Farinha Panko Alfa 1kg";16;4;119;6.000;19.90;Entrada;unidade;"2026-03-03 16:29:35";"2026-03-03 16:29:35"
12386;23;Ariquemes;14;142;"Farinha Panko Alfa 1kg";16;4;119;6.000;19.90;Entrada;unidade;"2026-03-14 15:46:28";"2026-03-14 15:46:28"
12744;23;Ariquemes;14;142;"Farinha Panko Alfa 1kg";16;4;119;17.000;19.90;Entrada;unidade;"2026-03-24 16:16:33";"2026-03-24 16:16:33"
661;23;Ariquemes;41;160;"Filé de Peito de Frango";1;6;32;6.694;5.65;Entrada;kg;"2025-03-05 12:04:53";"2026-03-03 11:26:34"
12047;23;Ariquemes;41;160;"Filé de Peito de Frango";1;6;119;3.000;22.80;Entrada;kg;"2026-03-04 16:03:57";"2026-03-04 16:03:57"
12553;23;Ariquemes;41;160;"Filé de Peito de Frango";1;6;119;4.000;22.80;Entrada;kg;"2026-03-18 16:42:16";"2026-03-18 16:42:16"
12686;23;Ariquemes;41;160;"Filé de Peito de Frango";1;6;119;4.000;22.80;Entrada;kg;"2026-03-22 15:51:00";"2026-03-22 15:51:00"
13052;23;Ariquemes;41;160;"Filé de Peito de Frango";1;6;119;3.000;22.80;Entrada;kg;"2026-04-02 15:41:35";"2026-04-02 15:41:35"
13255;23;Ariquemes;41;160;"Filé de Peito de Frango";1;6;119;4.000;22.80;Entrada;kg;"2026-04-09 23:08:34";"2026-04-09 23:08:34"
672;23;Ariquemes;53;162;"Filé de Tilápia (Pacote 5kg)";1;6;32;5.138;7.44;Entrada;kg;"2025-03-05 12:04:53";"2026-03-03 11:24:35"
681;23;Ariquemes;24;76;"Gás Butano 227g";5;4;32;3.000;16.40;Entrada;unidade;"2025-03-05 12:28:52";"2025-03-05 12:28:52"
12387;23;Ariquemes;24;76;"Gás Butano 227g";5;4;119;1.000;16.40;Entrada;unidade;"2026-03-14 15:46:28";"2026-03-14 15:46:28"
12745;23;Ariquemes;24;76;"Gás Butano 227g";5;4;119;2.000;16.90;Entrada;unidade;"2026-03-24 16:16:33";"2026-03-24 16:16:33"
688;23;Ariquemes;21;85;"Gengibre Maki 1kg";16;4;32;5.000;13.90;Entrada;unidade;"2025-03-05 12:28:52";"2026-03-03 11:17:08"
12003;23;Ariquemes;21;85;"Gengibre Maki 1kg";16;4;119;5.000;17.90;Entrada;unidade;"2026-03-03 16:29:35";"2026-03-03 16:29:35"
12536;23;Ariquemes;21;85;"Gengibre Maki 1kg";16;4;119;10.000;16.90;Entrada;unidade;"2026-03-17 23:18:56";"2026-03-17 23:18:56"
12746;23;Ariquemes;21;85;"Gengibre Maki 1kg";16;4;119;10.000;16.90;Entrada;unidade;"2026-03-24 16:16:33";"2026-03-24 16:16:33"
674;23;Ariquemes;75;163;"Gengibre Raiz";4;6;32;0.714;143.75;Entrada;kg;"2025-03-05 12:04:53";"2026-03-03 11:21:05"
12038;23;Ariquemes;75;163;"Gengibre Raiz";4;6;119;0.770;22.97;Entrada;kg;"2026-03-04 16:03:57";"2026-03-04 16:03:57"
12388;23;Ariquemes;75;163;"Gengibre Raiz";4;4;119;1.400;12.07;Entrada;kg;"2026-03-14 15:46:28";"2026-03-14 15:46:28"
12888;23;Ariquemes;75;163;"Gengibre Raiz";4;6;119;0.914;17.45;Entrada;kg;"2026-03-28 15:52:01";"2026-03-28 15:52:01"
687;23;Ariquemes;25;144;"Gergelim Misto 1kg";3;4;32;1.000;29.90;Entrada;unidade;"2025-03-05 12:28:52";"2026-03-03 11:16:53"
12389;23;Ariquemes;25;144;"Gergelim Misto 1kg";16;4;119;1.000;32.90;Entrada;unidade;"2026-03-14 15:46:28";"2026-03-14 15:46:28"
12747;23;Ariquemes;25;144;"Gergelim Misto 1kg";16;4;119;1.000;32.90;Entrada;unidade;"2026-03-24 16:16:33";"2026-03-24 16:16:33"
11901;23;Ariquemes;10;10;"Glutamato Ajinomoto 1kg";14;4;119;2.000;20.99;Entrada;unidade;"2026-02-27 16:25:58";"2026-02-27 16:25:58"
12004;23;Ariquemes;11;212;"Glutamato Taichi 1kg";14;4;119;1.000;32.90;Entrada;unidade;"2026-03-03 16:29:35";"2026-03-03 16:29:35"
12537;23;Ariquemes;11;212;"Glutamato Taichi 1kg";14;4;119;1.000;32.90;Entrada;unidade;"2026-03-17 23:18:56";"2026-03-17 23:18:56"
12748;23;Ariquemes;11;212;"Glutamato Taichi 1kg";14;4;119;3.000;32.90;Entrada;unidade;"2026-03-24 16:16:33";"2026-03-24 16:16:33"
694;23;Ariquemes;112;100;"Guaraná Antarctica Lata";15;6;32;8.000;3.50;Entrada;unidade;"2025-03-05 12:35:36";"2025-03-05 12:35:36"
12122;23;Ariquemes;112;100;"Guaraná Antarctica Lata";15;6;119;1.000;42.00;Entrada;unidade;"2026-03-07 16:28:11";"2026-03-07 16:28:11"
12681;23;Ariquemes;112;100;"Guaraná Antarctica Lata";15;6;119;2.000;42.00;Entrada;unidade;"2026-03-22 15:51:00";"2026-03-22 15:51:00"
12740;23;Ariquemes;112;100;"Guaraná Antarctica Lata";15;6;119;2.000;42.00;Entrada;unidade;"2026-03-24 15:54:33";"2026-03-24 15:54:33"
13011;23;Ariquemes;112;100;"Guaraná Antarctica Lata";15;6;119;2.000;42.00;Entrada;unidade;"2026-03-31 17:00:29";"2026-03-31 17:00:29"
12010;23;Ariquemes;20;208;"Hondashi Ajinomoto 500g";14;4;119;2.000;59.90;Entrada;unidade;"2026-03-03 16:29:35";"2026-03-03 16:29:35"
12542;23;Ariquemes;20;208;"Hondashi Ajinomoto 500g";14;4;119;2.000;59.90;Entrada;unidade;"2026-03-17 23:18:56";"2026-03-17 23:18:56"
12755;23;Ariquemes;20;208;"Hondashi Ajinomoto 500g";14;4;119;3.000;59.90;Entrada;unidade;"2026-03-24 16:16:33";"2026-03-24 16:16:33"
673;23;Ariquemes;105;182;"Kani Kama Foods 1KG";10;6;32;3.000;54.00;Entrada;unidade;"2025-03-05 12:04:53";"2026-03-03 11:24:26"
12005;23;Ariquemes;105;182;"Kani Kama Foods 1KG";10;4;119;2.000;18.95;Entrada;kg;"2026-03-03 16:29:35";"2026-03-03 16:29:35"
662;23;Ariquemes;76;164;Laranja;4;6;32;3.348;1.06;Entrada;kg;"2025-03-05 12:04:53";"2026-03-03 11:23:35"
12039;23;Ariquemes;76;164;Laranja;4;6;119;4.994;5.29;Entrada;kg;"2026-03-04 16:03:57";"2026-03-04 16:03:57"
12554;23;Ariquemes;76;164;Laranja;4;6;119;4.090;4.98;Entrada;kg;"2026-03-18 16:42:16";"2026-03-18 16:42:16"
12687;23;Ariquemes;76;164;Laranja;4;6;119;2.868;4.98;Entrada;kg;"2026-03-22 15:51:00";"2026-03-22 15:51:00"
12871;23;Ariquemes;76;164;Laranja;4;6;119;1.926;4.98;Entrada;kg;"2026-03-27 16:41:53";"2026-03-27 16:41:53"
13053;23;Ariquemes;76;164;Laranja;4;6;119;4.222;4.98;Entrada;kg;"2026-04-02 15:41:35";"2026-04-02 15:41:35"
13256;23;Ariquemes;76;164;Laranja;4;6;119;2.150;4.98;Entrada;kg;"2026-04-09 23:08:34";"2026-04-09 23:08:34"
663;23;Ariquemes;77;91;"Limão Taiti";4;6;32;4.342;1.13;Entrada;kg;"2025-03-05 12:04:53";"2026-03-03 11:23:41"
12040;23;Ariquemes;77;91;"Limão Taiti";4;6;119;5.830;3.75;Entrada;kg;"2026-03-04 16:03:57";"2026-03-04 16:03:57"
12555;23;Ariquemes;77;91;"Limão Taiti";4;6;119;5.590;4.50;Entrada;kg;"2026-03-18 16:42:16";"2026-03-18 16:42:16"
12872;23;Ariquemes;77;91;"Limão Taiti";4;6;119;3.224;3.78;Entrada;kg;"2026-03-27 16:41:53";"2026-03-27 16:41:53"
13054;23;Ariquemes;77;91;"Limão Taiti";4;6;119;5.122;3.78;Entrada;kg;"2026-04-02 15:41:35";"2026-04-02 15:41:35"
13257;23;Ariquemes;77;91;"Limão Taiti";4;6;119;5.230;5.70;Entrada;kg;"2026-04-09 23:08:34";"2026-04-09 23:08:34"
680;23;Ariquemes;15;213;"Macarrão Yakisoba Premium Alfa 500g";16;4;32;18.000;9.90;Entrada;unidade;"2025-03-05 12:28:52";"2026-03-03 11:16:34"
12006;23;Ariquemes;15;213;"Macarrão Yakisoba Premium Alfa 500g";16;4;119;10.000;10.90;Entrada;unidade;"2026-03-03 16:29:35";"2026-03-03 16:29:35"
12390;23;Ariquemes;15;213;"Macarrão Yakisoba Premium Alfa 500g";16;4;119;5.000;10.90;Entrada;unidade;"2026-03-14 15:46:28";"2026-03-14 15:46:28"
12538;23;Ariquemes;15;213;"Macarrão Yakisoba Premium Alfa 500g";16;4;119;10.000;10.90;Entrada;unidade;"2026-03-17 23:18:56";"2026-03-17 23:18:56"
12749;23;Ariquemes;15;213;"Macarrão Yakisoba Premium Alfa 500g";16;4;119;20.000;10.90;Entrada;unidade;"2026-03-24 16:16:33";"2026-03-24 16:16:33"
12391;23;Ariquemes;33;133;"Maionese Kiwpie 450g";16;4;119;1.000;94.50;Entrada;unidade;"2026-03-14 15:46:28";"2026-03-14 15:46:28"
664;23;Ariquemes;96;102;"Manteiga 500g";3;6;32;3.000;9.70;Entrada;unidade;"2025-03-05 12:04:53";"2025-03-05 12:04:53"
12339;23;Ariquemes;96;102;"Manteiga 500g";3;6;119;1.000;20.70;Entrada;unidade;"2026-03-12 15:54:44";"2026-03-12 15:54:44"
12340;23;Ariquemes;96;102;"Manteiga 500g";3;6;119;2.000;11.45;Entrada;unidade;"2026-03-12 15:54:44";"2026-03-12 15:54:44"
12398;23;Ariquemes;96;102;"Manteiga 500g";3;6;119;1.000;11.45;Entrada;unidade;"2026-03-15 15:39:09";"2026-03-15 15:39:09"
12605;23;Ariquemes;96;102;"Manteiga 500g";3;6;119;4.000;11.45;Entrada;unidade;"2026-03-20 15:48:33";"2026-03-20 15:48:33"
12688;23;Ariquemes;96;102;"Manteiga 500g";3;6;119;1.000;20.70;Entrada;unidade;"2026-03-22 15:51:00";"2026-03-22 15:51:00"
12689;23;Ariquemes;96;102;"Manteiga 500g";3;6;119;4.000;10.99;Entrada;unidade;"2026-03-22 15:51:00";"2026-03-22 15:51:00"
13264;23;Ariquemes;96;102;"Manteiga 500g";3;6;119;3.000;7.98;Entrada;unidade;"2026-04-09 23:08:34";"2026-04-09 23:08:34"
12750;23;Ariquemes;157;214;"Molho de Ostras Maki 2,27kg";6;4;119;3.000;54.90;Entrada;unidade;"2026-03-24 16:16:33";"2026-03-24 16:16:33"
12394;23;Ariquemes;37;118;"Óleo de Gergelim Torrado Hong Kong 1L";7;4;119;1.000;94.50;Entrada;unidade;"2026-03-14 15:46:28";"2026-03-14 15:46:28"
12753;23;Ariquemes;37;118;"Óleo de Gergelim Torrado Hong Kong 1L";7;4;119;4.000;94.50;Entrada;unidade;"2026-03-24 16:16:33";"2026-03-24 16:16:33"
12041;23;Ariquemes;93;119;"Óleo de Soja 900ml";7;6;119;7.000;52.15;Entrada;unidade;"2026-03-04 16:03:57";"2026-03-04 16:03:57"
12606;23;Ariquemes;93;119;"Óleo de Soja 900ml";7;6;119;4.000;7.99;Entrada;unidade;"2026-03-20 15:48:33";"2026-03-20 15:48:33"
12690;23;Ariquemes;93;119;"Óleo de Soja 900ml";7;6;119;26.000;7.99;Entrada;unidade;"2026-03-22 15:51:00";"2026-03-22 15:51:00"
12873;23;Ariquemes;93;119;"Óleo de Soja 900ml";7;6;119;10.000;7.85;Entrada;unidade;"2026-03-27 16:41:53";"2026-03-27 16:41:53"
13259;23;Ariquemes;93;119;"Óleo de Soja 900ml";7;6;119;10.000;8.55;Entrada;unidade;"2026-04-09 23:08:34";"2026-04-09 23:08:34"
653;23;Ariquemes;40;161;"Patinho Bovino";1;6;32;3.550;11.78;Entrada;kg;"2025-03-05 12:04:53";"2026-03-03 11:26:11"
12037;23;Ariquemes;40;161;"Patinho Bovino";1;6;119;4.078;45.49;Entrada;kg;"2026-03-04 16:03:57";"2026-03-04 16:03:57"
12338;23;Ariquemes;40;161;"Patinho Bovino";1;6;119;4.108;45.49;Entrada;kg;"2026-03-12 15:54:44";"2026-03-12 15:54:44"
12546;23;Ariquemes;40;161;"Patinho Bovino";1;6;119;4.122;44.88;Entrada;kg;"2026-03-18 16:42:16";"2026-03-18 16:42:16"
12683;23;Ariquemes;40;161;"Patinho Bovino";1;6;119;4.014;44.88;Entrada;kg;"2026-03-22 15:51:00";"2026-03-22 15:51:00"
12868;23;Ariquemes;40;161;"Patinho Bovino";1;6;119;4.002;44.88;Entrada;kg;"2026-03-27 16:41:53";"2026-03-27 16:41:53"
13047;23;Ariquemes;40;161;"Patinho Bovino";1;6;119;4.016;44.77;Entrada;kg;"2026-04-02 15:41:35";"2026-04-02 15:41:35"
13250;23;Ariquemes;40;161;"Patinho Bovino";1;6;119;4.104;43.98;Entrada;kg;"2026-04-09 23:08:34";"2026-04-09 23:08:34"
12042;23;Ariquemes;59;167;Pepino;4;6;119;5.184;6.25;Entrada;kg;"2026-03-04 16:03:57";"2026-03-04 16:03:57"
12557;23;Ariquemes;59;167;Pepino;4;6;119;4.022;9.70;Entrada;kg;"2026-03-18 16:42:16";"2026-03-18 16:42:16"
671;23;Ariquemes;78;168;"Pimenta Dedo de Moça";4;6;32;0.960;124.97;Entrada;kg;"2025-03-05 12:04:53";"2026-03-03 11:21:26"
12401;23;Ariquemes;78;168;"Pimenta Dedo de Moça";4;6;119;0.032;328.13;Entrada;kg;"2026-03-15 15:39:09";"2026-03-15 15:39:09"
12043;23;Ariquemes;67;169;"Pimentão Amarelo";4;6;119;1.106;19.98;Entrada;kg;"2026-03-04 16:03:57";"2026-03-04 16:03:57"
12558;23;Ariquemes;67;169;"Pimentão Amarelo";4;6;119;1.026;23.30;Entrada;kg;"2026-03-18 16:42:16";"2026-03-18 16:42:16"
12556;23;Ariquemes;153;174;"Poupa Maracujá Natural";4;6;119;3.574;14.50;Entrada;kg;"2026-03-18 16:42:16";"2026-03-18 16:42:16"
13258;23;Ariquemes;153;174;"Poupa Maracujá Natural";4;6;119;4.336;15.85;Entrada;kg;"2026-04-09 23:08:34";"2026-04-09 23:08:34"
669;23;Ariquemes;70;170;"Repolho Roxo";4;6;32;2.680;3.28;Entrada;kg;"2025-03-05 12:04:53";"2026-03-03 11:20:44"
12087;23;Ariquemes;70;170;"Repolho Roxo";4;6;119;1.702;8.55;Entrada;kg;"2026-03-06 15:47:33";"2026-03-06 15:47:33"
12088;23;Ariquemes;70;170;"Repolho Roxo";4;6;119;2.314;8.55;Entrada;kg;"2026-03-06 15:47:33";"2026-03-06 15:47:33"
12400;23;Ariquemes;70;170;"Repolho Roxo";4;6;119;1.670;9.99;Entrada;kg;"2026-03-15 15:39:09";"2026-03-15 15:39:09"
12561;23;Ariquemes;70;170;"Repolho Roxo";4;6;119;3.180;11.95;Entrada;kg;"2026-03-18 16:42:16";"2026-03-18 16:42:16"
12692;23;Ariquemes;70;170;"Repolho Roxo";4;6;119;1.902;11.95;Entrada;kg;"2026-03-22 15:51:00";"2026-03-22 15:51:00"
12693;23;Ariquemes;70;170;"Repolho Roxo";4;6;119;1.748;11.95;Entrada;kg;"2026-03-22 15:51:00";"2026-03-22 15:51:00"
13057;23;Ariquemes;70;170;"Repolho Roxo";4;6;119;1.472;12.70;Entrada;kg;"2026-04-02 15:41:35";"2026-04-02 15:41:35"
13263;23;Ariquemes;70;170;"Repolho Roxo";4;6;119;3.274;12.98;Entrada;kg;"2026-04-09 23:08:34";"2026-04-09 23:08:34"
668;23;Ariquemes;102;171;"Repolho Verde";4;6;32;1.726;1.06;Entrada;kg;"2025-03-05 12:04:53";"2026-03-03 11:21:47"
12085;23;Ariquemes;102;171;"Repolho Verde";4;6;119;2.662;5.98;Entrada;kg;"2026-03-06 15:47:33";"2026-03-06 15:47:33"
12086;23;Ariquemes;102;171;"Repolho Verde";4;6;119;3.086;5.98;Entrada;kg;"2026-03-06 15:47:33";"2026-03-06 15:47:33"
12399;23;Ariquemes;102;171;"Repolho Verde";4;6;119;1.780;8.98;Entrada;kg;"2026-03-15 15:39:09";"2026-03-15 15:39:09"
12559;23;Ariquemes;102;171;"Repolho Verde";4;6;119;2.230;9.69;Entrada;kg;"2026-03-18 16:42:16";"2026-03-18 16:42:16"
12560;23;Ariquemes;102;171;"Repolho Verde";4;6;119;1.552;9.69;Entrada;kg;"2026-03-18 16:42:16";"2026-03-18 16:42:16"
12691;23;Ariquemes;102;171;"Repolho Verde";4;6;119;2.968;9.69;Entrada;kg;"2026-03-22 15:51:00";"2026-03-22 15:51:00"
13055;23;Ariquemes;102;171;"Repolho Verde";4;6;119;1.628;6.98;Entrada;kg;"2026-04-02 15:41:35";"2026-04-02 15:41:35"
13056;23;Ariquemes;102;171;"Repolho Verde";4;6;119;2.268;6.98;Entrada;kg;"2026-04-02 15:41:35";"2026-04-02 15:41:35"
13262;23;Ariquemes;102;171;"Repolho Verde";4;6;119;2.626;9.98;Entrada;kg;"2026-04-09 23:08:34";"2026-04-09 23:08:34"
646;23;Ariquemes;121;202;"Sacola Kraft G (400 unid)";11;8;32;1900.000;0.70;Entrada;unidade;"2025-03-05 10:47:39";"2025-03-05 10:47:39"
645;23;Ariquemes;137;204;"Sacola Kraft P (600 unid)";11;8;32;650.000;0.40;Entrada;unidade;"2025-03-05 10:47:39";"2025-03-05 10:47:39"
12049;23;Ariquemes;29;79;"Sal Branco 1kg";14;6;119;1.000;3.10;Entrada;unidade;"2026-03-04 16:03:57";"2026-03-04 16:03:57"
12045;23;Ariquemes;103;103;"Sal Grosso";3;6;119;1.000;4.15;Entrada;unidade;"2026-03-04 16:03:57";"2026-03-04 16:03:57"
12009;23;Ariquemes;28;175;"Saquê Licoroso Mirin Azuma 5L";6;4;119;1.000;139.90;Entrada;unidade;"2026-03-03 16:29:35";"2026-03-03 16:29:35"
12754;23;Ariquemes;28;175;"Saquê Licoroso Mirin Azuma 5L";6;4;119;3.000;139.90;Entrada;unidade;"2026-03-24 16:16:33";"2026-03-24 16:16:33"
12393;23;Ariquemes;34;113;"Shoyu Mitsuwa 20L";6;4;119;1.000;164.90;Entrada;unidade;"2026-03-14 15:46:28";"2026-03-14 15:46:28"
12541;23;Ariquemes;34;113;"Shoyu Mitsuwa 20L";6;4;119;1.000;164.90;Entrada;unidade;"2026-03-17 23:18:56";"2026-03-17 23:18:56"
12008;23;Ariquemes;35;114;"Shoyu Mitsuwa 250 Unid.";6;4;119;6.000;36.90;Entrada;unidade;"2026-03-03 16:29:35";"2026-03-03 16:29:35"
12392;23;Ariquemes;35;114;"Shoyu Mitsuwa 250 Unid.";6;4;119;4.000;36.90;Entrada;unidade;"2026-03-14 15:46:28";"2026-03-14 15:46:28"
12540;23;Ariquemes;35;114;"Shoyu Mitsuwa 250 Unid.";6;4;119;5.000;36.90;Entrada;unidade;"2026-03-17 23:18:56";"2026-03-17 23:18:56"
12752;23;Ariquemes;35;114;"Shoyu Mitsuwa 250 Unid.";6;4;119;8.000;36.90;Entrada;unidade;"2026-03-24 16:16:33";"2026-03-24 16:16:33"
12539;23;Ariquemes;31;178;"Sweet Chilli Kikkoman 5L";6;4;119;1.000;149.90;Entrada;unidade;"2026-03-17 23:18:56";"2026-03-17 23:18:56"
12751;23;Ariquemes;31;178;"Sweet Chilli Kikkoman 5L";6;4;119;2.000;149.90;Entrada;unidade;"2026-03-24 16:16:33";"2026-03-24 16:16:33"
12007;23;Ariquemes;32;116;"Sweet Chilli Pantai 4,5L";6;4;119;1.000;149.90;Entrada;unidade;"2026-03-03 16:29:35";"2026-03-03 16:29:35"
691;23;Ariquemes;63;172;"Tomate Cereja";4;4;32;6.000;4.99;Entrada;unidade;"2025-03-05 12:28:52";"2026-03-03 11:18:54"
12562;23;Ariquemes;63;172;"Tomate Cereja";4;6;119;2.000;4.98;Entrada;unidade;"2026-03-18 16:42:16";"2026-03-18 16:42:16"
12874;23;Ariquemes;63;172;"Tomate Cereja";4;6;119;4.000;4.98;Entrada;unidade;"2026-03-27 16:41:53";"2026-03-27 16:41:53"
13058;23;Ariquemes;63;172;"Tomate Cereja";4;6;119;4.000;4.99;Entrada;unidade;"2026-04-02 15:41:35";"2026-04-02 15:41:35"
679;23;Ariquemes;30;216;"Vinagre Castelo 20L";14;4;32;2.000;119.90;Entrada;unidade;"2025-03-05 12:28:52";"2026-03-03 11:15:40"
12011;23;Ariquemes;30;216;"Vinagre Castelo 20L";14;4;119;1.000;129.90;Entrada;unidade;"2026-03-03 16:29:35";"2026-03-03 16:29:35"
12756;23;Ariquemes;30;216;"Vinagre Castelo 20L";14;4;119;2.000;129.90;Entrada;unidade;"2026-03-24 16:16:33";"2026-03-24 16:16:33"
689;23;Ariquemes;16;82;"Wasabi Maki 1kg";16;4;32;2.000;54.90;Entrada;unidade;"2025-03-05 12:28:52";"2025-03-05 12:28:52"
12543;23;Ariquemes;16;82;"Wasabi Maki 1kg";16;4;119;1.000;54.90;Entrada;unidade;"2026-03-17 23:18:56";"2026-03-17 23:18:56"
12757;23;Ariquemes;16;82;"Wasabi Maki 1kg";16;4;119;2.000;54.90;Entrada;unidade;"2026-03-24 16:16:33";"2026-03-24 16:16:33"
